id,number,session,prolific,charity_name,charity_calibration,buffer_X,calibration_choices,switchpoint_calib,censored_calibration,buffer_choices,switchpoint_buffer,censored_buffer,exclusion_B_to_A,buffer>calib,nb_MSP_valuation,order of cases
ahmvkeos,68,ejnanr0h,5f1c62b6554a0f4f129c75fd,Sea Shepherd (SS),30.0,30.0,"['A', 'A', 'A', 'A', 'A', 'A', 'A', 'A', 'A', 'A', 'A', 'A', 'A', 'A', 'A', 'A']",[],1.0,"['A', 'A', 'A', 'A', 'A', 'A', 'A', 'A', 'A', 'A', 'A', 'A', 'A', 'A', 'A', 'A']",[],1.0,0.0,0,,"['ASPS', 'ASPC', 'ACPS', 'ACPC']"
63nz1n4p,39,ejnanr0h,5a940f1f4eecca0001dd3181,World Wide Fund for Nature - UK (WWF),16.0,10.0,"['A', 'A', 'A', 'A', 'A', 'A', 'A', 'A', 'B', 'B', 'B', 'B', 'B', 'B', 'B', 'B']",[9],0.0,"['A', 'A', 'A', 'A', 'A', 'B', 'B', 'B', 'B', 'B', 'B', 'B', 'B', 'B', 'B', 'B']",[6],0.0,0.0,0,,"['ASPC', 'ACPC', 'ASPS', 'ACPS']"
ae538dja,67,ejnanr0h,608195d5c0200b6b1dd9c497,World Wide Fund for Nature - UK (WWF),14.0,10.0,"['A', 'A', 'A', 'A', 'A', 'A', 'A', 'B', 'B', 'B', 'B', 'B', 'B', 'B', 'B', 'B']",[8],0.0,"['A', 'A', 'A', 'A', 'A', 'B', 'B', 'B', 'B', 'B', 'B', 'B', 'B', 'B', 'B', 'B']",[6],0.0,0.0,0,,"['ACPC', 'ACPS', 'ASPC', 'ASPS']"
tpr3tcqc,243,ejnanr0h,5e201890d6b7e131dd2bb2dd,The Nature Conservancy (NC),16.0,14.0,"['A', 'A', 'A', 'A', 'A', 'A', 'A', 'A', 'B', 'B', 'B', 'B', 'B', 'B', 'B', 'B']",[9],0.0,"['A', 'A', 'A', 'A', 'A', 'A', 'A', 'B', 'B', 'B', 'B', 'B', 'B', 'B', 'B', 'B']",[8],0.0,0.0,0,,"['ASPS', 'ACPC', 'ASPC', 'ACPS']"
xaod88b1,275,ejnanr0h,5e9d85d30b8c7c057f5a88ff,World Wide Fund for Nature - UK (WWF),12.0,6.0,"['A', 'A', 'A', 'A', 'A', 'A', 'B', 'B', 'B', 'B', 'B', 'B', 'B', 'B', 'B', 'B']",[7],0.0,"['A', 'A', 'A', 'B', 'B', 'B', 'B', 'B', 'B', 'B', 'B', 'B', 'B', 'B', 'B', 'B']",[4],0.0,0.0,0,,"['ACPS', 'ACPC', 'ASPS', 'ASPC']"
4etuouyv,31,ejnanr0h,59fc4d227542890001aa5e98,World Wide Fund for Nature - UK (WWF),20.0,10.0,"['A', 'A', 'A', 'A', 'A', 'A', 'A', 'A', 'A', 'A', 'B', 'B', 'B', 'B', 'B', 'B']",[11],0.0,"['A', 'A', 'A', 'A', 'A', 'B', 'B', 'B', 'B', 'B', 'B', 'B', 'B', 'B', 'B', 'B']",[6],0.0,0.0,0,,"['ACPS', 'ASPC', 'ACPC', 'ASPS']"
r12z7h7m,206,ejnanr0h,6128a3db67305ef94021fcd7,World Wide Fund for Nature - UK (WWF),30.0,30.0,"['A', 'A', 'A', 'A', 'A', 'A', 'A', 'A', 'A', 'A', 'A', 'A', 'A', 'A', 'A', 'A']",[],1.0,"['A', 'A', 'A', 'A', 'A', 'A', 'A', 'A', 'A', 'A', 'A', 'A', 'A', 'A', 'A', 'A']",[],1.0,0.0,0,,"['ACPC', 'ASPS', 'ACPS', 'ASPC']"
e08spc7m,93,ejnanr0h,5ecdc457c4b241140ab35e2b,World Wide Fund for Nature - UK (WWF),20.0,14.0,"['A', 'A', 'A', 'A', 'A', 'A', 'A', 'A', 'A', 'A', 'B', 'B', 'B', 'B', 'B', 'B']",[11],0.0,"['A', 'A', 'A', 'A', 'A', 'A', 'A', 'B', 'B', 'B', 'B', 'B', 'B', 'B', 'B', 'B']",[8],0.0,0.0,0,,"['ACPS', 'ACPC', 'ASPC', 'ASPS']"
ecwn8nyz,98,ejnanr0h,56d1f7f67bbc32000589a588,World Wide Fund for Nature - UK (WWF),30.0,30.0,"['A', 'A', 'A', 'A', 'A', 'A', 'A', 'A', 'A', 'A', 'A', 'A', 'A', 'A', 'A', 'A']",[],1.0,"['A', 'A', 'A', 'A', 'A', 'A', 'A', 'A', 'A', 'A', 'A', 'A', 'A', 'A', 'A', 'A']",[],1.0,0.0,0,,"['ACPS', 'ASPC', 'ASPS', 'ACPC']"
d9gubaq5,89,ejnanr0h,6141f62294ff9bf9d89e8897,The Nature Conservancy (NC),28.0,26.0,"['A', 'A', 'A', 'A', 'A', 'A', 'A', 'A', 'A', 'A', 'A', 'A', 'A', 'A', 'B', 'B']",[15],0.0,"['A', 'A', 'A', 'A', 'A', 'A', 'A', 'A', 'A', 'A', 'A', 'A', 'A', 'B', 'B', 'B']",[14],0.0,0.0,0,,"['ASPS', 'ACPS', 'ACPC', 'ASPC']"
pw7g5nfy,193,ejnanr0h,6575a21552774fe562fecb1b,The Nature Conservancy (NC),20.0,8.0,"['A', 'A', 'A', 'A', 'A', 'A', 'A', 'A', 'A', 'A', 'B', 'B', 'B', 'B', 'B', 'B']",[11],0.0,"['A', 'A', 'A', 'A', 'B', 'B', 'B', 'B', 'B', 'B', 'B', 'B', 'B', 'B', 'B', 'B']",[5],0.0,0.0,0,,"['ACPC', 'ACPS', 'ASPS', 'ASPC']"
t10d3kik,230,ejnanr0h,6400e1cd167c9759d2bb1b17,Sea Shepherd (SS),30.0,30.0,"['A', 'A', 'A', 'A', 'A', 'A', 'A', 'A', 'A', 'A', 'A', 'A', 'A', 'A', 'A', 'A']",[],1.0,"['A', 'A', 'A', 'A', 'A', 'A', 'A', 'A', 'A', 'A', 'A', 'A', 'A', 'A', 'A', 'A']",[],1.0,0.0,0,,"['ACPS', 'ASPS', 'ACPC', 'ASPC']"
bz8k4no7,76,ejnanr0h,63655432e66823b2595ee761,Surfers Against Sewage (SAS),26.0,20.0,"['A', 'A', 'A', 'A', 'A', 'A', 'A', 'A', 'A', 'A', 'A', 'A', 'A', 'B', 'B', 'B']",[14],0.0,"['A', 'A', 'A', 'A', 'A', 'A', 'A', 'A', 'A', 'A', 'B', 'B', 'B', 'B', 'B', 'B']",[11],0.0,0.0,0,,"['ACPC', 'ACPS', 'ASPC', 'ASPS']"
vd0zp8xx,259,ejnanr0h,5eff5f05b92981000a2aed73,Sea Shepherd (SS),30.0,30.0,"['A', 'A', 'A', 'A', 'A', 'A', 'A', 'A', 'A', 'A', 'A', 'A', 'A', 'A', 'A', 'A']",[],1.0,"['A', 'A', 'A', 'A', 'A', 'A', 'A', 'A', 'A', 'A', 'A', 'A', 'A', 'A', 'A', 'A']",[],1.0,0.0,0,,"['ASPC', 'ACPS', 'ASPS', 'ACPC']"
u0v05h4e,250,ejnanr0h,5ecf36da6c860334c1606977,The Nature Conservancy (NC),30.0,30.0,"['A', 'A', 'A', 'A', 'A', 'A', 'A', 'A', 'A', 'A', 'A', 'A', 'A', 'A', 'A', 'A']",[],1.0,"['A', 'A', 'A', 'A', 'A', 'A', 'A', 'A', 'A', 'A', 'A', 'A', 'A', 'A', 'A', 'A']",[],1.0,0.0,0,,"['ASPC', 'ASPS', 'ACPC', 'ACPS']"
06qlsb01,2,ejnanr0h,6017f6742d7cc9ad4f98fb4d,World Wide Fund for Nature - UK (WWF),20.0,14.0,"['A', 'A', 'A', 'A', 'A', 'A', 'A', 'A', 'A', 'A', 'B', 'B', 'B', 'B', 'B', 'B']",[11],0.0,"['A', 'A', 'A', 'A', 'A', 'A', 'A', 'B', 'B', 'B', 'B', 'B', 'B', 'B', 'B', 'B']",[8],0.0,0.0,0,,"['ASPS', 'ASPC', 'ACPS', 'ACPC']"
khco2urf,150,ejnanr0h,5f38251e3cec500d267efb92,World Wide Fund for Nature - UK (WWF),30.0,30.0,"['A', 'A', 'A', 'A', 'A', 'A', 'A', 'A', 'A', 'A', 'A', 'A', 'A', 'A', 'A', 'A']",[],1.0,"['A', 'A', 'A', 'A', 'A', 'A', 'A', 'A', 'A', 'A', 'A', 'A', 'A', 'A', 'A', 'A']",[],1.0,0.0,0,,"['ACPC', 'ASPC', 'ASPS', 'ACPS']"
73bmbyro,50,ejnanr0h,63d40b4e0dd2e63262f403df,World Wide Fund for Nature - UK (WWF),24.0,16.0,"['A', 'A', 'A', 'A', 'A', 'A', 'A', 'A', 'A', 'A', 'A', 'A', 'B', 'B', 'B', 'B']",[13],0.0,"['A', 'A', 'A', 'A', 'A', 'A', 'A', 'A', 'B', 'B', 'B', 'B', 'B', 'B', 'B', 'B']",[9],0.0,0.0,0,,"['ASPC', 'ACPC', 'ACPS', 'ASPS']"
0h5lhyv7,5,ejnanr0h,5ad614eb33a3ab0001fa62cd,Sea Shepherd (SS),10.0,6.0,"['A', 'A', 'A', 'A', 'A', 'B', 'B', 'B', 'B', 'B', 'B', 'B', 'B', 'B', 'B', 'B']",[6],0.0,"['A', 'A', 'A', 'B', 'B', 'B', 'B', 'B', 'B', 'B', 'B', 'B', 'B', 'B', 'B', 'B']",[4],0.0,0.0,0,,"['ASPC', 'ACPC', 'ASPS', 'ACPS']"
qgrawy18,197,ejnanr0h,600959b17473895801425313,GreenPeace - UK (GP),24.0,26.0,"['A', 'A', 'A', 'A', 'A', 'A', 'A', 'A', 'A', 'A', 'A', 'A', 'B', 'B', 'B', 'B']",[13],0.0,"['A', 'A', 'A', 'A', 'A', 'A', 'A', 'A', 'A', 'A', 'A', 'A', 'A', 'B', 'B', 'B']",[14],0.0,0.0,1,5.0,"['ACPS', 'ASPC', 'ACPC', 'ASPS']"
vzu16svf,263,ejnanr0h,5ae9cde00335e200019e9eed,Sea Shepherd (SS),30.0,20.0,"['A', 'A', 'A', 'A', 'A', 'A', 'A', 'A', 'A', 'A', 'A', 'A', 'A', 'A', 'A', 'A']",[],1.0,"['A', 'A', 'A', 'A', 'A', 'A', 'A', 'A', 'A', 'A', 'B', 'B', 'B', 'B', 'B', 'B']",[11],0.0,0.0,0,,"['ACPS', 'ACPC', 'ASPC', 'ASPS']"
llk6e4wo,161,ejnanr0h,5f08dafa392f74145122c0ee,The Nature Conservancy (NC),12.0,6.0,"['A', 'A', 'A', 'A', 'A', 'A', 'B', 'B', 'B', 'B', 'B', 'B', 'B', 'B', 'B', 'B']",[7],0.0,"['A', 'A', 'A', 'B', 'B', 'B', 'B', 'B', 'B', 'B', 'B', 'B', 'B', 'B', 'B', 'B']",[4],0.0,0.0,0,,"['ASPS', 'ACPS', 'ASPC', 'ACPC']"
u0r4qxf4,249,ejnanr0h,660426c77cfdba4c55b28127,The Nature Conservancy (NC),30.0,30.0,"['A', 'A', 'A', 'A', 'A', 'A', 'A', 'A', 'A', 'A', 'A', 'A', 'A', 'A', 'A', 'B']",[16],0.0,"['A', 'A', 'A', 'A', 'A', 'A', 'A', 'A', 'A', 'A', 'A', 'A', 'A', 'A', 'A', 'B']",[16],0.0,0.0,0,,"['ASPS', 'ASPC', 'ACPS', 'ACPC']"
90mty17o,60,ejnanr0h,5f53f6458dff8f755bac4a9d,The Nature Conservancy (NC),30.0,30.0,"['A', 'A', 'A', 'A', 'A', 'A', 'A', 'A', 'A', 'A', 'A', 'A', 'A', 'A', 'A', 'A']",[],1.0,"['A', 'A', 'A', 'A', 'A', 'A', 'A', 'A', 'A', 'A', 'A', 'A', 'A', 'A', 'A', 'A']",[],1.0,0.0,0,,"['ACPS', 'ASPC', 'ACPC', 'ASPS']"
pp1s7hdb,192,ejnanr0h,5aeabb67ba2926000102f644,World Wide Fund for Nature - UK (WWF),30.0,30.0,"['A', 'A', 'A', 'A', 'A', 'A', 'A', 'A', 'A', 'A', 'A', 'A', 'A', 'A', 'A', 'A']",[],1.0,"['A', 'A', 'A', 'A', 'A', 'A', 'A', 'A', 'A', 'A', 'A', 'A', 'A', 'A', 'A', 'A']",[],1.0,0.0,0,,"['ASPS', 'ACPS', 'ASPC', 'ACPC']"
tqd9vcvy,244,ejnanr0h,5e8fc56be9fe622b8bd9069b,The Nature Conservancy (NC),26.0,6.0,"['A', 'A', 'A', 'A', 'A', 'A', 'A', 'A', 'A', 'A', 'A', 'A', 'A', 'B', 'B', 'B']",[14],0.0,"['A', 'A', 'A', 'B', 'B', 'B', 'B', 'B', 'B', 'B', 'B', 'B', 'B', 'B', 'B', 'B']",[4],0.0,0.0,0,,"['ACPS', 'ASPS', 'ACPC', 'ASPC']"
eh5zdxcc,99,agd8838q,5c49feff71e01d00019376a6,World Wide Fund for Nature - UK (WWF),18.0,18.0,"['A', 'A', 'A', 'A', 'A', 'A', 'A', 'A', 'A', 'B', 'B', 'B', 'B', 'B', 'B', 'B']",[10],0.0,"['A', 'A', 'A', 'A', 'A', 'A', 'A', 'A', 'A', 'B', 'B', 'B', 'B', 'B', 'B', 'B']",[10],0.0,0.0,0,,"['ACPS', 'ACPC', 'ASPC', 'ASPS']"
lafwwp20,160,agd8838q,60aecded93eb495d413a482b,World Wide Fund for Nature - UK (WWF),26.0,20.0,"['A', 'A', 'A', 'A', 'A', 'A', 'A', 'A', 'A', 'A', 'A', 'A', 'A', 'B', 'B', 'B']",[14],0.0,"['A', 'A', 'A', 'A', 'A', 'A', 'A', 'A', 'A', 'A', 'B', 'B', 'B', 'B', 'B', 'B']",[11],0.0,0.0,0,,"['ACPS', 'ASPS', 'ASPC', 'ACPC']"
hpbz12hw,128,agd8838q,5efa27ec1c76730eff3dad8e,World Wide Fund for Nature - UK (WWF),30.0,30.0,"['A', 'A', 'A', 'A', 'A', 'A', 'A', 'A', 'A', 'A', 'A', 'A', 'A', 'A', 'A', 'A']",[],1.0,"['A', 'A', 'A', 'A', 'A', 'A', 'A', 'A', 'A', 'A', 'A', 'A', 'A', 'A', 'A', 'A']",[],1.0,0.0,0,,"['ACPC', 'ACPS', 'ASPS', 'ASPC']"
a9pkkr8r,66,agd8838q,611fa7b279901f96a0e5f2e3,Surfers Against Sewage (SAS),24.0,16.0,"['A', 'A', 'A', 'A', 'A', 'A', 'A', 'A', 'A', 'A', 'A', 'A', 'B', 'B', 'B', 'B']",[13],0.0,"['A', 'A', 'A', 'A', 'A', 'A', 'A', 'A', 'B', 'B', 'B', 'B', 'B', 'B', 'B', 'B']",[9],0.0,0.0,0,,"['ACPC', 'ASPC', 'ASPS', 'ACPS']"
jleuwys3,139,agd8838q,65bcf5c0f730b4ea75398560,GreenPeace - UK (GP),30.0,30.0,"['A', 'A', 'A', 'A', 'A', 'A', 'A', 'A', 'A', 'A', 'A', 'A', 'A', 'A', 'A', 'A']",[],1.0,"['A', 'A', 'A', 'A', 'A', 'A', 'A', 'A', 'A', 'A', 'A', 'A', 'A', 'A', 'A', 'A']",[],1.0,0.0,0,,"['ACPC', 'ASPC', 'ASPS', 'ACPS']"
tz3k6ucy,248,agd8838q,5e573ce57a25e30f431f8994,Sea Shepherd (SS),2.0,2.0,"['A', 'B', 'B', 'B', 'B', 'B', 'A', 'A', 'A', 'A', 'A', 'A', 'A', 'A', 'A', 'A']","[2, 7]",MSP,"['A', 'B', 'B', 'B', 'B', 'B', 'B', 'B', 'B', 'B', 'A', 'A', 'A', 'A', 'A', 'A']","[2, 11]",MSP,0.0,0,,"['ACPS', 'ASPS', 'ASPC', 'ACPC']"
sv1cr09g,229,agd8838q,63468c2501e33edb7ecf1907,Sea Shepherd (SS),20.0,10.0,"['A', 'A', 'A', 'A', 'A', 'A', 'A', 'A', 'A', 'A', 'B', 'B', 'B', 'B', 'B', 'B']",[11],0,"['A', 'A', 'A', 'A', 'A', 'B', 'B', 'B', 'B', 'B', 'B', 'B', 'B', 'B', 'B', 'B']",[6],0,0.0,0,,"['ACPS', 'ASPC', 'ACPC', 'ASPS']"
ja63t66h,136,agd8838q,5c1a6bd8f9250d0001b7c589,GreenPeace - UK (GP),12.0,6.0,"['A', 'A', 'A', 'A', 'A', 'A', 'B', 'B', 'B', 'B', 'B', 'B', 'B', 'B', 'B', 'B']",[7],0,"['A', 'A', 'A', 'B', 'B', 'B', 'B', 'B', 'B', 'B', 'B', 'B', 'B', 'B', 'B', 'B']",[4],0,0.0,0,,"['ASPS', 'ACPC', 'ACPS', 'ASPC']"
gunz2elh,118,agd8838q,63d14582237c845de5fdf1a9,GreenPeace - UK (GP),10.0,6.0,"['A', 'A', 'A', 'A', 'A', 'B', 'B', 'B', 'B', 'B', 'B', 'B', 'B', 'B', 'B', 'B']",[6],0,"['A', 'A', 'A', 'B', 'B', 'B', 'B', 'B', 'B', 'B', 'B', 'B', 'B', 'B', 'B', 'B']",[4],0,0.0,0,14.0,"['ACPC', 'ASPS', 'ACPS', 'ASPC']"
l3pjs0q0,158,agd8838q,6004903f8bbd67605853c5bf,World Wide Fund for Nature - UK (WWF),20.0,8.0,"['A', 'A', 'A', 'A', 'A', 'A', 'A', 'A', 'A', 'A', 'B', 'B', 'B', 'B', 'B', 'B']",[11],0,"['A', 'A', 'A', 'A', 'B', 'B', 'B', 'B', 'B', 'B', 'B', 'B', 'B', 'B', 'B', 'B']",[5],0,0.0,0,1.0,"['ACPS', 'ASPS', 'ASPC', 'ACPC']"
xektaoml,277,agd8838q,660a670d8bd881c603b01082,The Nature Conservancy (NC),30.0,30.0,"['A', 'A', 'A', 'A', 'A', 'A', 'A', 'A', 'A', 'A', 'A', 'A', 'A', 'A', 'A', 'A']",[],1,"['A', 'A', 'A', 'A', 'A', 'A', 'A', 'A', 'A', 'A', 'A', 'A', 'A', 'A', 'A', 'A']",[],1,0.0,0,,"['ASPC', 'ACPC', 'ASPS', 'ACPS']"
nhf0x9e6,171,agd8838q,6523fdc398bd50909dfd67c3,World Wide Fund for Nature - UK (WWF),28.0,20.0,"['A', 'A', 'A', 'A', 'A', 'A', 'A', 'A', 'A', 'A', 'A', 'A', 'A', 'A', 'B', 'B']",[15],0,"['A', 'A', 'A', 'A', 'A', 'A', 'A', 'A', 'A', 'A', 'B', 'B', 'B', 'B', 'B', 'B']",[11],0,0.0,0,,"['ACPC', 'ASPC', 'ASPS', 'ACPS']"
orycup70,182,agd8838q,65cf75976f1dca6b3fcd10c5,World Wide Fund for Nature - UK (WWF),20.0,10.0,"['A', 'A', 'A', 'A', 'A', 'A', 'A', 'A', 'A', 'A', 'B', 'B', 'B', 'B', 'B', 'B']",[11],0,"['A', 'A', 'A', 'A', 'A', 'B', 'B', 'B', 'B', 'B', 'B', 'B', 'B', 'B', 'B', 'B']",[6],0,0.0,0,,"['ACPC', 'ASPC', 'ASPS', 'ACPS']"
dhc7ju9s,91,agd8838q,5f196e2fab8a9003090bd474,GreenPeace - UK (GP),10.0,8.0,"['A', 'A', 'A', 'A', 'A', 'B', 'B', 'B', 'B', 'B', 'B', 'B', 'B', 'B', 'B', 'B']",[6],0,"['A', 'A', 'A', 'A', 'B', 'B', 'B', 'B', 'B', 'B', 'B', 'B', 'B', 'B', 'B', 'B']",[5],0,0.0,0,,"['ASPS', 'ASPC', 'ACPC', 'ACPS']"
bj521wv4,74,agd8838q,5bc838036abd39000122cc17,Surfers Against Sewage (SAS),30.0,30.0,"['A', 'A', 'A', 'A', 'A', 'A', 'A', 'A', 'A', 'A', 'A', 'A', 'A', 'A', 'A', 'A']",[],1,"['A', 'A', 'A', 'A', 'A', 'A', 'A', 'A', 'A', 'A', 'A', 'A', 'A', 'A', 'A', 'A']",[],1,0.0,0,,"['ACPS', 'ASPC', 'ASPS', 'ACPC']"
iygq0s81,134,agd8838q,60fac7ec133b6bf250d6d668,World Wide Fund for Nature - UK (WWF),14.0,8.0,"['A', 'A', 'A', 'A', 'A', 'A', 'A', 'B', 'B', 'B', 'B', 'B', 'B', 'B', 'B', 'B']",[8],0,"['A', 'A', 'A', 'A', 'B', 'B', 'B', 'B', 'B', 'B', 'B', 'B', 'B', 'B', 'B', 'B']",[5],0,0.0,0,,"['ASPS', 'ACPS', 'ACPC', 'ASPC']"
08dhagnq,4,agd8838q,65031d5ca9f619d9e0412f0a,Sea Shepherd (SS),30.0,30.0,"['A', 'A', 'A', 'A', 'A', 'A', 'A', 'A', 'A', 'A', 'A', 'A', 'A', 'A', 'A', 'A']",[],1,"['A', 'A', 'A', 'A', 'A', 'A', 'A', 'A', 'A', 'A', 'A', 'A', 'A', 'A', 'A', 'A']",[],1,0.0,0,,"['ACPC', 'ASPC', 'ASPS', 'ACPS']"
t39wjwlb,232,agd8838q,5f38024629c8452b7fd18648,The Nature Conservancy (NC),18.0,10.0,"['A', 'A', 'A', 'A', 'A', 'A', 'A', 'A', 'A', 'B', 'B', 'B', 'B', 'B', 'B', 'B']",[10],0,"['A', 'A', 'A', 'A', 'A', 'B', 'B', 'B', 'B', 'B', 'B', 'B', 'B', 'B', 'B', 'B']",[6],0,0.0,0,,"['ACPS', 'ACPC', 'ASPC', 'ASPS']"
7uf19nqz,56,agd8838q,650c3ea3bb7f3b500e2db7a1,World Wide Fund for Nature - UK (WWF),20.0,16.0,"['A', 'A', 'A', 'A', 'A', 'A', 'A', 'A', 'A', 'A', 'B', 'B', 'B', 'B', 'B', 'B']",[11],0,"['A', 'A', 'A', 'A', 'A', 'A', 'A', 'A', 'B', 'B', 'B', 'B', 'B', 'B', 'B', 'B']",[9],0,0.0,0,,"['ACPC', 'ASPS', 'ACPS', 'ASPC']"
8lf05cs1,57,agd8838q,5d352f8bb02857001963539a,Sea Shepherd (SS),30.0,30.0,"['A', 'A', 'A', 'A', 'A', 'A', 'A', 'A', 'A', 'A', 'A', 'A', 'A', 'A', 'A', 'A']",[],1,"['A', 'A', 'A', 'A', 'A', 'A', 'A', 'A', 'A', 'A', 'A', 'A', 'A', 'A', 'A', 'A']",[],1,0.0,0,,"['ASPS', 'ACPS', 'ASPC', 'ACPC']"
2os7aix9,19,agd8838q,5eefae66afa4e549ac714f73,The Nature Conservancy (NC),20.0,10.0,"['A', 'A', 'A', 'A', 'A', 'A', 'A', 'A', 'A', 'A', 'B', 'B', 'B', 'B', 'B', 'B']",[11],0,"['A', 'A', 'A', 'A', 'A', 'B', 'B', 'B', 'B', 'B', 'B', 'B', 'B', 'B', 'B', 'B']",[6],0,0.0,0,,"['ASPS', 'ACPC', 'ACPS', 'ASPC']"
d2uhz7l1,88,agd8838q,5e90540a9622ec3628270555,World Wide Fund for Nature - UK (WWF),30.0,28.0,"['A', 'A', 'A', 'A', 'A', 'A', 'A', 'A', 'A', 'A', 'A', 'A', 'A', 'A', 'A', 'A']",[],1,"['A', 'A', 'A', 'A', 'A', 'A', 'A', 'A', 'A', 'A', 'A', 'A', 'A', 'A', 'B', 'B']",[15],0,0.0,0,,"['ASPC', 'ASPS', 'ACPC', 'ACPS']"
7datr3w6,51,agd8838q,660eae0ec751e419bf8a4a2d,World Wide Fund for Nature - UK (WWF),26.0,20.0,"['A', 'A', 'A', 'A', 'A', 'A', 'A', 'A', 'A', 'A', 'A', 'A', 'A', 'B', 'B', 'B']",[14],0,"['A', 'A', 'A', 'A', 'A', 'A', 'A', 'A', 'A', 'A', 'B', 'B', 'B', 'B', 'B', 'B']",[11],0,0.0,0,,"['ASPS', 'ACPC', 'ACPS', 'ASPC']"
7hv3sbup,52,agd8838q,5efbb75dc7a625169185e94f,World Wide Fund for Nature - UK (WWF),14.0,10.0,"['A', 'A', 'A', 'A', 'A', 'A', 'A', 'B', 'B', 'B', 'B', 'B', 'B', 'B', 'B', 'B']",[8],0,"['A', 'A', 'A', 'A', 'A', 'B', 'B', 'B', 'B', 'B', 'B', 'B', 'B', 'B', 'B', 'B']",[6],0,0.0,0,,"['ASPS', 'ACPS', 'ACPC', 'ASPC']"
sfwwbes6,226,agd8838q,5b1bcd1d88ee7400012b0707,World Wide Fund for Nature - UK (WWF),26.0,18.0,"['A', 'A', 'A', 'A', 'A', 'A', 'A', 'A', 'A', 'A', 'A', 'A', 'A', 'B', 'B', 'B']",[14],0,"['A', 'A', 'A', 'A', 'A', 'A', 'A', 'A', 'A', 'B', 'B', 'B', 'B', 'B', 'B', 'B']",[10],0,0.0,0,2.0,"['ASPC', 'ACPC', 'ACPS', 'ASPS']"
hcrqkfms,122,agd8838q,661fe6d3dd22f19c6723957f,GreenPeace - UK (GP),16.0,8.0,"['A', 'A', 'A', 'A', 'A', 'A', 'A', 'A', 'B', 'B', 'B', 'B', 'B', 'B', 'B', 'B']",[9],0,"['A', 'A', 'A', 'A', 'B', 'B', 'B', 'B', 'B', 'B', 'B', 'B', 'B', 'B', 'B', 'B']",[5],0,0.0,0,,"['ACPC', 'ASPS', 'ACPS', 'ASPC']"
7pmvmrpl,53,agd8838q,63614851eba9f853fc9ffb45,Surfers Against Sewage (SAS),30.0,30.0,"['A', 'A', 'A', 'A', 'A', 'A', 'A', 'A', 'A', 'A', 'A', 'A', 'A', 'A', 'A', 'A']",[],1,"['A', 'A', 'A', 'A', 'A', 'A', 'A', 'A', 'A', 'A', 'A', 'A', 'A', 'A', 'A', 'A']",[],1,0.0,0,,"['ASPS', 'ACPC', 'ASPC', 'ACPS']"
s8oy8rwl,222,agd8838q,60f4bcceacb5bfe7cd06d647,Sea Shepherd (SS),30.0,30.0,"['A', 'A', 'A', 'A', 'A', 'A', 'A', 'A', 'A', 'A', 'A', 'A', 'A', 'A', 'A', 'B']",[16],0,"['A', 'A', 'A', 'A', 'A', 'A', 'A', 'A', 'A', 'A', 'A', 'A', 'A', 'A', 'A', 'B']",[16],0,0.0,0,,"['ASPC', 'ACPC', 'ASPS', 'ACPS']"
o11799gk,176,agd8838q,6128188a420f8d3f27f8d8b1,World Wide Fund for Nature - UK (WWF),20.0,20.0,"['A', 'A', 'A', 'A', 'A', 'A', 'A', 'A', 'A', 'A', 'B', 'B', 'B', 'B', 'B', 'B']",[11],0,"['A', 'A', 'A', 'A', 'A', 'A', 'A', 'A', 'A', 'A', 'B', 'B', 'B', 'B', 'B', 'B']",[11],0,0.0,0,,"['ACPC', 'ASPC', 'ACPS', 'ASPS']"
hmgrcbq2,126,agd8838q,5c762ce8eda5da001662be0b,Sea Shepherd (SS),30.0,26.0,"['A', 'A', 'A', 'A', 'A', 'A', 'A', 'A', 'A', 'A', 'A', 'A', 'A', 'A', 'A', 'A']",[],1,"['A', 'A', 'A', 'A', 'A', 'A', 'A', 'A', 'A', 'A', 'A', 'A', 'A', 'B', 'B', 'B']",[14],0,0.0,0,,"['ACPC', 'ASPC', 'ASPS', 'ACPS']"
qgri04bz,198,agd8838q,60b8fb929701cb52b39796aa,World Wide Fund for Nature - UK (WWF),30.0,30.0,"['A', 'A', 'A', 'A', 'A', 'A', 'A', 'A', 'A', 'A', 'A', 'A', 'A', 'A', 'A', 'A']",[],1,"['A', 'A', 'A', 'A', 'A', 'A', 'A', 'A', 'A', 'A', 'A', 'A', 'A', 'A', 'A', 'A']",[],1,0.0,0,,"['ASPS', 'ACPS', 'ACPC', 'ASPC']"
1bgm80os,11,agd8838q,63a439dbbbc878947742d7f7,The Nature Conservancy (NC),30.0,30.0,"['A', 'A', 'A', 'A', 'A', 'A', 'A', 'A', 'A', 'A', 'A', 'A', 'A', 'A', 'A', 'A']",[],1,"['A', 'A', 'A', 'A', 'A', 'A', 'A', 'A', 'A', 'A', 'A', 'A', 'A', 'A', 'A', 'A']",[],1,0.0,0,,"['ACPC', 'ASPC', 'ACPS', 'ASPS']"
tli13d3c,240,agd8838q,62b2f74cf3794e252cc7d1a7,World Wide Fund for Nature - UK (WWF),10.0,8.0,"['A', 'A', 'A', 'A', 'A', 'B', 'B', 'B', 'B', 'B', 'B', 'B', 'B', 'B', 'B', 'B']",[6],0,"['A', 'A', 'A', 'A', 'B', 'B', 'B', 'B', 'B', 'B', 'B', 'B', 'B', 'B', 'B', 'B']",[5],0,0.0,0,,"['ASPS', 'ACPS', 'ASPC', 'ACPC']"
r3ejq63m,207,agd8838q,62029a07ef1cb18a1337c583,World Wide Fund for Nature - UK (WWF),30.0,30.0,"['A', 'A', 'A', 'A', 'A', 'A', 'A', 'A', 'A', 'A', 'A', 'A', 'A', 'A', 'A', 'A']",[],1,"['A', 'A', 'A', 'A', 'A', 'A', 'A', 'A', 'A', 'A', 'A', 'A', 'A', 'A', 'A', 'A']",[],1,0.0,0,,"['ACPC', 'ASPC', 'ASPS', 'ACPS']"
oft5aukj,180,agd8838q,60cf67593474c7e125a74db1,The Nature Conservancy (NC),16.0,4.0,"['A', 'A', 'A', 'A', 'A', 'A', 'A', 'A', 'B', 'B', 'B', 'B', 'B', 'B', 'B', 'B']",[9],0,"['A', 'A', 'B', 'B', 'B', 'B', 'B', 'B', 'B', 'B', 'B', 'B', 'B', 'B', 'B', 'B']",[3],0,0.0,0,,"['ASPC', 'ACPC', 'ACPS', 'ASPS']"
ykbiu401,285,agd8838q,5ea9890b7baf810a13bcdb56,World Wide Fund for Nature - UK (WWF),30.0,12.0,"['A', 'A', 'A', 'A', 'A', 'A', 'A', 'A', 'A', 'A', 'A', 'A', 'A', 'A', 'A', 'A']",[],1,"['A', 'A', 'A', 'A', 'A', 'A', 'B', 'B', 'B', 'B', 'B', 'B', 'B', 'B', 'B', 'B']",[7],0,0.0,0,,"['ASPC', 'ACPS', 'ACPC', 'ASPS']"
3r4nuy9m,28,agd8838q,6078c44def3891383d408bc9,Sea Shepherd (SS),10.0,10.0,"['A', 'A', 'A', 'A', 'A', 'B', 'B', 'B', 'B', 'B', 'B', 'B', 'B', 'B', 'B', 'B']",[6],0,"['A', 'A', 'A', 'A', 'A', 'B', 'B', 'B', 'B', 'B', 'B', 'B', 'B', 'B', 'B', 'B']",[6],0,0.0,0,,"['ACPS', 'ACPC', 'ASPS', 'ASPC']"
cn4zg9je,86,agd8838q,61535d60db67adaf13fd11f1,World Wide Fund for Nature - UK (WWF),30.0,30.0,"['A', 'A', 'A', 'A', 'A', 'A', 'A', 'A', 'A', 'A', 'A', 'A', 'A', 'A', 'A', 'A']",[],1,"['A', 'A', 'A', 'A', 'A', 'A', 'A', 'A', 'A', 'A', 'A', 'A', 'A', 'A', 'A', 'A']",[],1,0.0,0,,"['ACPC', 'ASPS', 'ACPS', 'ASPC']"
e59fej3f,95,agd8838q,6401d1b2fbcfecbd18706a6c,Sea Shepherd (SS),20.0,12.0,"['A', 'A', 'A', 'A', 'A', 'A', 'A', 'A', 'A', 'A', 'B', 'B', 'B', 'B', 'B', 'B']",[11],0,"['A', 'A', 'A', 'A', 'A', 'A', 'B', 'B', 'B', 'B', 'B', 'B', 'B', 'B', 'B', 'B']",[7],0,0.0,0,,"['ACPC', 'ASPS', 'ACPS', 'ASPC']"
6vrold85,47,agd8838q,5c4594514fe4f800016ea070,World Wide Fund for Nature - UK (WWF),20.0,10.0,"['A', 'A', 'A', 'A', 'A', 'A', 'A', 'A', 'A', 'A', 'B', 'B', 'B', 'B', 'B', 'B']",[11],0,"['A', 'A', 'A', 'A', 'A', 'B', 'B', 'B', 'B', 'B', 'B', 'B', 'B', 'B', 'B', 'B']",[6],0,0.0,0,,"['ACPS', 'ASPC', 'ASPS', 'ACPC']"
dbplg2ts,90,agd8838q,5f105b47d36c8701ec112317,Sea Shepherd (SS),6.0,8.0,"['A', 'A', 'A', 'B', 'B', 'B', 'B', 'A', 'A', 'A', 'B', 'A', 'B', 'B', 'B', 'B']","[4, 8, 11, 12, 13]",MSP,"['A', 'A', 'A', 'A', 'B', 'B', 'B', 'B', 'B', 'B', 'B', 'B', 'B', 'B', 'B', 'B']",[5],0,0.0,1,,"['ACPC', 'ASPS', 'ASPC', 'ACPS']"
hfyakb4k,124,agd8838q,6167f2ba9afd68c099e06233,The Nature Conservancy (NC),18.0,10.0,"['A', 'A', 'A', 'A', 'A', 'A', 'A', 'A', 'A', 'B', 'B', 'B', 'B', 'B', 'B', 'B']",[10],0,"['A', 'A', 'A', 'A', 'A', 'B', 'B', 'B', 'B', 'B', 'B', 'B', 'B', 'B', 'B', 'B']",[6],0,0.0,0,,"['ACPS', 'ASPS', 'ASPC', 'ACPC']"
vhkxaczs,261,agd8838q,63d96ff56b577f6ac10e5f6c,The Nature Conservancy (NC),20.0,12.0,"['A', 'A', 'A', 'A', 'A', 'A', 'A', 'A', 'A', 'A', 'B', 'B', 'B', 'B', 'B', 'B']",[11],0,"['A', 'A', 'A', 'A', 'A', 'A', 'B', 'B', 'B', 'B', 'B', 'B', 'B', 'B', 'B', 'B']",[7],0,0.0,0,,"['ASPC', 'ACPS', 'ACPC', 'ASPS']"
kulu077v,153,agd8838q,63d8267294c685a091016df0,Surfers Against Sewage (SAS),22.0,10.0,"['A', 'A', 'A', 'A', 'A', 'A', 'A', 'A', 'A', 'A', 'A', 'B', 'B', 'B', 'B', 'B']",[12],0,"['A', 'A', 'A', 'A', 'A', 'B', 'B', 'B', 'B', 'B', 'B', 'B', 'B', 'B', 'B', 'B']",[6],0,0.0,0,,"['ASPC', 'ACPC', 'ASPS', 'ACPS']"
rg7f0sms,211,agd8838q,6595859a929aaa555306b821,The Nature Conservancy (NC),30.0,30.0,"['A', 'A', 'A', 'A', 'A', 'A', 'A', 'A', 'A', 'A', 'A', 'A', 'A', 'A', 'A', 'A']",[],1,"['A', 'A', 'A', 'A', 'A', 'A', 'A', 'A', 'A', 'A', 'A', 'A', 'A', 'A', 'A', 'A']",[],1,0.0,0,,"['ACPC', 'ASPS', 'ASPC', 'ACPS']"
a95qssbq,65,agd8838q,5e35cdd13b22bc5789b14d86,Sea Shepherd (SS),14.0,10.0,"['A', 'A', 'A', 'A', 'A', 'A', 'A', 'B', 'B', 'B', 'B', 'B', 'B', 'B', 'B', 'B']",[8],0,"['A', 'A', 'A', 'A', 'A', 'B', 'B', 'B', 'B', 'B', 'B', 'B', 'B', 'B', 'B', 'B']",[6],0,0.0,0,,"['ACPC', 'ASPS', 'ACPS', 'ASPC']"
3mmuy781,25,agd8838q,5c35637d3ce2c80001118abf,World Wide Fund for Nature - UK (WWF),30.0,30.0,"['A', 'A', 'A', 'A', 'A', 'A', 'A', 'A', 'A', 'A', 'A', 'A', 'A', 'A', 'A', 'A']",[],1,"['A', 'A', 'A', 'A', 'A', 'A', 'A', 'A', 'A', 'A', 'A', 'A', 'A', 'A', 'A', 'A']",[],1,0.0,0,,"['ACPS', 'ASPS', 'ASPC', 'ACPC']"
xqkf0krx,279,agd8838q,61329a3e3f353940f7fcd042,World Wide Fund for Nature - UK (WWF),20.0,20.0,"['A', 'A', 'A', 'A', 'A', 'A', 'A', 'A', 'A', 'A', 'B', 'B', 'B', 'B', 'B', 'B']",[11],0,"['A', 'A', 'A', 'A', 'A', 'A', 'A', 'A', 'A', 'A', 'B', 'B', 'B', 'B', 'B', 'B']",[11],0,0.0,0,2.0,"['ASPS', 'ACPS', 'ASPC', 'ACPC']"
tmtiln0i,241,agd8838q,5ceafa32a20e6000160c5e74,World Wide Fund for Nature - UK (WWF),16.0,18.0,"['A', 'A', 'A', 'A', 'A', 'A', 'A', 'A', 'B', 'B', 'B', 'B', 'B', 'B', 'B', 'B']",[9],0,"['A', 'A', 'A', 'A', 'A', 'A', 'A', 'A', 'A', 'B', 'B', 'B', 'B', 'B', 'B', 'B']",[10],0,0.0,1,,"['ACPS', 'ASPC', 'ASPS', 'ACPC']"
9n2j2cyw,62,agd8838q,656117ef5cabaa7d1d1d064c,World Wide Fund for Nature - UK (WWF),30.0,30.0,"['A', 'A', 'A', 'A', 'A', 'A', 'A', 'A', 'A', 'A', 'A', 'A', 'A', 'A', 'A', 'A']",[],1,"['A', 'A', 'A', 'A', 'A', 'A', 'A', 'A', 'A', 'A', 'A', 'A', 'A', 'A', 'A', 'A']",[],1,0.0,0,,"['ACPS', 'ASPS', 'ACPC', 'ASPC']"
nkboct91,173,agd8838q,63e68535d78fc9bb61c3c6b4,The Nature Conservancy (NC),12.0,6.0,"['A', 'A', 'A', 'A', 'A', 'A', 'B', 'B', 'B', 'B', 'B', 'B', 'B', 'B', 'B', 'B']",[7],0,"['A', 'A', 'A', 'B', 'B', 'B', 'B', 'B', 'B', 'B', 'B', 'B', 'B', 'B', 'B', 'B']",[4],0,0.0,0,,"['ACPS', 'ACPC', 'ASPS', 'ASPC']"
m0zfzii2,162,agd8838q,655a152ea36af682da467b5c,GreenPeace - UK (GP),20.0,16.0,"['A', 'A', 'A', 'A', 'A', 'A', 'A', 'A', 'A', 'A', 'B', 'B', 'B', 'B', 'B', 'B']",[11],0,"['A', 'A', 'A', 'A', 'A', 'A', 'A', 'A', 'B', 'B', 'B', 'B', 'B', 'B', 'B', 'B']",[9],0,0.0,0,,"['ASPS', 'ACPS', 'ASPC', 'ACPC']"
pipaps7r,188,agd8838q,5fa3ea626f9de3034e4a7f13,The Nature Conservancy (NC),20.0,12.0,"['A', 'A', 'A', 'A', 'A', 'A', 'A', 'A', 'A', 'A', 'B', 'B', 'B', 'B', 'B', 'B']",[11],0,"['A', 'A', 'A', 'A', 'A', 'A', 'B', 'B', 'B', 'B', 'B', 'B', 'B', 'B', 'B', 'B']",[7],0,0.0,0,,"['ACPS', 'ASPC', 'ASPS', 'ACPC']"
5cyc9xhu,34,agd8838q,5f29a219fd79260ef749a01d,Sea Shepherd (SS),12.0,6.0,"['A', 'A', 'A', 'A', 'A', 'A', 'B', 'B', 'B', 'B', 'B', 'B', 'B', 'B', 'B', 'B']",[7],0,"['A', 'A', 'A', 'B', 'B', 'B', 'B', 'B', 'B', 'B', 'B', 'B', 'B', 'B', 'B', 'B']",[4],0,0.0,0,,"['ASPC', 'ASPS', 'ACPC', 'ACPS']"
g2yckayu,112,agd8838q,6616e90fd90e420b04c612ea,Surfers Against Sewage (SAS),20.0,26.0,"['A', 'A', 'A', 'A', 'A', 'A', 'A', 'A', 'A', 'A', 'B', 'B', 'B', 'B', 'B', 'B']",[11],0,"['A', 'A', 'A', 'A', 'A', 'A', 'A', 'A', 'A', 'A', 'A', 'A', 'A', 'B', 'B', 'B']",[14],0,0.0,1,5.0,"['ASPS', 'ASPC', 'ACPC', 'ACPS']"
6xdfpofi,48,agd8838q,60fcb280d58f26d33cb004a6,World Wide Fund for Nature - UK (WWF),20.0,12.0,"['A', 'A', 'A', 'A', 'A', 'A', 'A', 'A', 'A', 'A', 'B', 'B', 'B', 'B', 'B', 'B']",[11],0,"['A', 'A', 'A', 'A', 'A', 'A', 'B', 'B', 'B', 'B', 'B', 'B', 'B', 'B', 'B', 'B']",[7],0,0.0,0,,"['ACPS', 'ASPS', 'ASPC', 'ACPC']"
ceh8zjcx,85,agd8838q,60b129b01647197ac182d707,Surfers Against Sewage (SAS),20.0,20.0,"['A', 'A', 'A', 'A', 'A', 'A', 'A', 'A', 'A', 'A', 'B', 'B', 'B', 'B', 'B', 'B']",[11],0,"['A', 'A', 'A', 'A', 'A', 'A', 'A', 'A', 'A', 'A', 'B', 'B', 'B', 'B', 'B', 'B']",[11],0,0.0,0,1.0,"['ASPS', 'ASPC', 'ACPC', 'ACPS']"
qnldj0k8,201,agd8838q,62e09943165d4dadd8b8f096,GreenPeace - UK (GP),30.0,30.0,"['A', 'A', 'A', 'A', 'A', 'A', 'A', 'A', 'A', 'A', 'A', 'A', 'A', 'A', 'A', 'A']",[],1,"['A', 'A', 'A', 'A', 'A', 'A', 'A', 'A', 'A', 'A', 'A', 'A', 'A', 'A', 'A', 'A']",[],1,0.0,0,,"['ACPC', 'ACPS', 'ASPS', 'ASPC']"
nemm2lxj,170,agd8838q,6294ec859aaabbbeb246e7f3,World Wide Fund for Nature - UK (WWF),30.0,30.0,"['A', 'A', 'A', 'A', 'A', 'A', 'A', 'A', 'A', 'A', 'A', 'A', 'A', 'A', 'A', 'A']",[],1,"['A', 'A', 'A', 'A', 'A', 'A', 'A', 'A', 'A', 'A', 'A', 'A', 'A', 'A', 'A', 'A']",[],1,0.0,0,,"['ACPS', 'ACPC', 'ASPC', 'ASPS']"
qu37a4gi,203,agd8838q,5d753f9afaed210001bf2ea0,The Nature Conservancy (NC),20.0,20.0,"['A', 'A', 'A', 'A', 'A', 'A', 'A', 'A', 'A', 'A', 'B', 'B', 'B', 'B', 'B', 'B']",[11],0,"['A', 'A', 'A', 'A', 'A', 'A', 'A', 'A', 'A', 'A', 'B', 'B', 'B', 'B', 'B', 'B']",[11],0,0.0,0,,"['ACPS', 'ASPS', 'ACPC', 'ASPC']"
rqh3nh93,215,agd8838q,5efdefc1c3d6bf095c0ecaa7,World Wide Fund for Nature - UK (WWF),30.0,20.0,"['A', 'A', 'A', 'A', 'A', 'A', 'A', 'A', 'A', 'A', 'A', 'A', 'A', 'A', 'A', 'B']",[16],0,"['A', 'A', 'A', 'A', 'A', 'A', 'A', 'A', 'A', 'A', 'B', 'B', 'B', 'B', 'B', 'B']",[11],0,0.0,0,,"['ACPS', 'ACPC', 'ASPS', 'ASPC']"
t8576c1b,235,agd8838q,64136650748e4e17c18e1900,World Wide Fund for Nature - UK (WWF),20.0,10.0,"['A', 'A', 'A', 'A', 'A', 'A', 'A', 'A', 'A', 'A', 'B', 'B', 'B', 'B', 'B', 'B']",[11],0,"['A', 'A', 'A', 'A', 'A', 'B', 'B', 'B', 'B', 'B', 'B', 'B', 'B', 'B', 'B', 'B']",[6],0,0.0,0,,"['ASPC', 'ASPS', 'ACPS', 'ACPC']"
niozhfyt,172,agd8838q,5e8323596900a20008d70aea,Surfers Against Sewage (SAS),22.0,24.0,"['A', 'A', 'A', 'A', 'A', 'A', 'A', 'A', 'A', 'A', 'A', 'B', 'B', 'B', 'B', 'B']",[12],0,"['A', 'A', 'A', 'A', 'A', 'A', 'A', 'A', 'A', 'A', 'A', 'A', 'B', 'B', 'B', 'B']",[13],0,0.0,1,,"['ASPS', 'ACPC', 'ACPS', 'ASPC']"
kw8ov3fq,155,agd8838q,613d0b09c378aeb30cb2327d,GreenPeace - UK (GP),20.0,20.0,"['A', 'A', 'A', 'A', 'A', 'A', 'A', 'A', 'A', 'A', 'B', 'B', 'B', 'B', 'B', 'B']",[11],0,"['A', 'A', 'A', 'A', 'A', 'A', 'A', 'A', 'A', 'A', 'B', 'B', 'B', 'B', 'B', 'B']",[11],0,0.0,0,,"['ASPC', 'ACPC', 'ACPS', 'ASPS']"
6dqbhk6u,42,agd8838q,60fd5177025610c34abe7a14,The Nature Conservancy (NC),20.0,14.0,"['A', 'A', 'A', 'A', 'A', 'A', 'A', 'A', 'A', 'A', 'B', 'B', 'B', 'B', 'B', 'B']",[11],0,"['A', 'A', 'A', 'A', 'A', 'A', 'A', 'B', 'B', 'B', 'B', 'B', 'B', 'B', 'B', 'B']",[8],0,0.0,0,,"['ASPC', 'ASPS', 'ACPS', 'ACPC']"
99ipg3ws,61,agd8838q,63d3ff7455fe68b811ef6b57,World Wide Fund for Nature - UK (WWF),20.0,12.0,"['A', 'A', 'A', 'A', 'A', 'A', 'A', 'A', 'A', 'A', 'B', 'B', 'B', 'B', 'B', 'B']",[11],0,"['A', 'A', 'A', 'A', 'A', 'A', 'B', 'B', 'B', 'B', 'B', 'B', 'B', 'B', 'B', 'B']",[7],0,0.0,0,,"['ACPC', 'ASPC', 'ACPS', 'ASPS']"
f370pwi7,103,agd8838q,63fbd3e8b4865c6e1fb04614,World Wide Fund for Nature - UK (WWF),30.0,30.0,"['A', 'A', 'A', 'A', 'A', 'A', 'A', 'A', 'A', 'A', 'A', 'A', 'A', 'A', 'A', 'A']",[],1,"['A', 'A', 'A', 'A', 'A', 'A', 'A', 'A', 'A', 'A', 'A', 'A', 'A', 'A', 'A', 'A']",[],1,0.0,0,,"['ACPC', 'ASPC', 'ASPS', 'ACPS']"
1prh61ex,13,or69qa0c,5e0d531982a9554d3862a670,Sea Shepherd (SS),22.0,20.0,"['A', 'A', 'A', 'A', 'A', 'A', 'A', 'A', 'A', 'A', 'A', 'B', 'B', 'B', 'B', 'B']",[12],0,"['A', 'A', 'A', 'A', 'A', 'A', 'A', 'A', 'A', 'A', 'B', 'B', 'B', 'B', 'B', 'B']",[11],0,0.0,0,,"['ASPC', 'ASPS', 'ACPS', 'ACPC']"
bztjd32c,77,or69qa0c,5aad0a3e2788c10001d0e7e4,The Nature Conservancy (NC),28.0,20.0,"['A', 'A', 'A', 'A', 'A', 'A', 'A', 'A', 'A', 'A', 'A', 'A', 'A', 'A', 'B', 'B']",[15],0,"['A', 'A', 'A', 'A', 'A', 'A', 'A', 'A', 'A', 'A', 'B', 'B', 'B', 'B', 'B', 'B']",[11],0,0.0,0,,"['ACPC', 'ASPS', 'ASPC', 'ACPS']"
vbjc7rbv,256,or69qa0c,58038ecf9c39b3000179ecdc,Surfers Against Sewage (SAS),30.0,30.0,"['A', 'A', 'A', 'A', 'A', 'A', 'A', 'A', 'A', 'A', 'A', 'A', 'A', 'A', 'A', 'A']",[],1,"['A', 'A', 'A', 'A', 'A', 'A', 'A', 'A', 'A', 'A', 'A', 'A', 'A', 'A', 'A', 'A']",[],1,0.0,0,,"['ASPS', 'ASPC', 'ACPC', 'ACPS']"
9u20ihxv,64,or69qa0c,5f32baaabe9b7c02c66781e3,World Wide Fund for Nature - UK (WWF),26.0,16.0,"['A', 'A', 'A', 'A', 'A', 'A', 'A', 'A', 'A', 'A', 'A', 'A', 'A', 'B', 'B', 'B']",[14],0,"['A', 'A', 'A', 'A', 'A', 'A', 'A', 'A', 'B', 'B', 'B', 'B', 'B', 'B', 'B', 'B']",[9],0,0.0,0,,"['ASPS', 'ACPS', 'ASPC', 'ACPC']"
p7nu8isv,184,or69qa0c,611a3e16f34fa48850c0666c,World Wide Fund for Nature - UK (WWF),30.0,30.0,"['A', 'A', 'A', 'A', 'A', 'A', 'A', 'A', 'A', 'A', 'A', 'A', 'A', 'A', 'A', 'A']",[],1,"['A', 'A', 'A', 'A', 'A', 'A', 'A', 'A', 'A', 'A', 'A', 'A', 'A', 'A', 'A', 'A']",[],1,0.0,0,,"['ACPC', 'ASPS', 'ASPC', 'ACPS']"
aw5xmzl3,72,or69qa0c,63871b9b1348fcc9c891db01,Sea Shepherd (SS),30.0,30.0,"['A', 'A', 'A', 'A', 'A', 'A', 'A', 'A', 'A', 'A', 'A', 'A', 'A', 'A', 'A', 'A']",[],1,"['A', 'A', 'A', 'A', 'A', 'A', 'A', 'A', 'A', 'A', 'A', 'A', 'A', 'A', 'A', 'A']",[],1,0.0,0,,"['ASPC', 'ACPC', 'ASPS', 'ACPS']"
0zu0yzsg,9,or69qa0c,60d717617a4504ac6321d635,World Wide Fund for Nature - UK (WWF),20.0,10.0,"['A', 'A', 'A', 'A', 'A', 'A', 'A', 'A', 'A', 'A', 'B', 'B', 'B', 'B', 'B', 'B']",[11],0,"['A', 'A', 'A', 'A', 'A', 'B', 'B', 'B', 'B', 'B', 'B', 'B', 'B', 'B', 'B', 'B']",[6],0,0.0,0,,"['ACPC', 'ACPS', 'ASPC', 'ASPS']"
3q4sqkk2,27,or69qa0c,60789c1a4d8201100ba0e960,World Wide Fund for Nature - UK (WWF),26.0,22.0,"['A', 'A', 'A', 'A', 'A', 'A', 'A', 'A', 'A', 'A', 'A', 'A', 'A', 'B', 'B', 'B']",[14],0,"['A', 'A', 'A', 'A', 'A', 'A', 'A', 'A', 'A', 'A', 'A', 'B', 'B', 'B', 'B', 'B']",[12],0,0.0,0,,"['ASPS', 'ASPC', 'ACPC', 'ACPS']"
9sqbbk2l,63,or69qa0c,5b663859f7798c000182b8cf,Sea Shepherd (SS),30.0,22.0,"['A', 'A', 'A', 'A', 'A', 'A', 'A', 'A', 'A', 'A', 'A', 'A', 'A', 'A', 'A', 'A']",[],1,"['A', 'A', 'A', 'A', 'A', 'A', 'A', 'A', 'A', 'A', 'A', 'B', 'B', 'B', 'B', 'B']",[12],0,0.0,0,,"['ASPS', 'ACPS', 'ACPC', 'ASPC']"
o0ayoiez,175,or69qa0c,5c913839a6e0aa00162c2ca5,GreenPeace - UK (GP),30.0,22.0,"['A', 'A', 'A', 'A', 'A', 'A', 'A', 'A', 'A', 'A', 'A', 'A', 'A', 'A', 'A', 'A']",[],1,"['A', 'A', 'A', 'A', 'A', 'A', 'A', 'A', 'A', 'A', 'A', 'B', 'B', 'B', 'B', 'B']",[12],0,0.0,0,,"['ASPS', 'ACPC', 'ASPC', 'ACPS']"
kpke8qm0,152,or69qa0c,63d7be523261fcaf84e94668,World Wide Fund for Nature - UK (WWF),30.0,30.0,"['A', 'A', 'A', 'A', 'A', 'A', 'A', 'A', 'A', 'A', 'A', 'A', 'A', 'A', 'A', 'B']",[16],0,"['A', 'A', 'A', 'A', 'A', 'A', 'A', 'A', 'A', 'A', 'A', 'A', 'A', 'A', 'A', 'B']",[16],0,0.0,0,,"['ACPS', 'ACPC', 'ASPC', 'ASPS']"
knkbhrdt,151,or69qa0c,65fc1ad7a3f42e203d15f2eb,GreenPeace - UK (GP),30.0,30.0,"['A', 'A', 'A', 'A', 'A', 'A', 'A', 'A', 'A', 'A', 'A', 'A', 'A', 'A', 'A', 'A']",[],1,"['A', 'A', 'A', 'A', 'A', 'A', 'A', 'A', 'A', 'A', 'A', 'A', 'A', 'A', 'A', 'A']",[],1,0.0,0,,"['ASPS', 'ACPS', 'ASPC', 'ACPC']"
bqbo8kx1,75,or69qa0c,603bbf426ba69e8af20ace6f,World Wide Fund for Nature - UK (WWF),20.0,12.0,"['A', 'A', 'A', 'A', 'A', 'A', 'A', 'A', 'A', 'A', 'B', 'B', 'B', 'B', 'B', 'B']",[11],0,"['A', 'A', 'A', 'A', 'A', 'A', 'B', 'B', 'B', 'B', 'B', 'B', 'B', 'B', 'B', 'B']",[7],0,0.0,0,,"['ASPS', 'ACPC', 'ACPS', 'ASPC']"
umbwr2eo,254,or69qa0c,5f8ea1044999a9000ae5a0e9,Surfers Against Sewage (SAS),30.0,26.0,"['A', 'A', 'A', 'A', 'A', 'A', 'A', 'A', 'A', 'A', 'A', 'A', 'A', 'A', 'A', 'A']",[],1,"['A', 'A', 'A', 'A', 'A', 'A', 'A', 'A', 'A', 'A', 'A', 'A', 'A', 'B', 'B', 'B']",[14],0,0.0,0,,"['ASPC', 'ACPS', 'ACPC', 'ASPS']"
u5washj0,251,or69qa0c,5cb1e0ccc9ca1c00181d3e3c,Surfers Against Sewage (SAS),24.0,22.0,"['A', 'A', 'A', 'A', 'A', 'A', 'A', 'A', 'A', 'A', 'A', 'A', 'B', 'B', 'B', 'B']",[13],0,"['A', 'A', 'A', 'A', 'A', 'A', 'A', 'A', 'A', 'A', 'A', 'B', 'B', 'B', 'B', 'B']",[12],0,0.0,0,,"['ACPC', 'ACPS', 'ASPC', 'ASPS']"
w47knu4c,264,or69qa0c,5b126ec7c85dc400016220a4,Sea Shepherd (SS),30.0,20.0,"['A', 'A', 'A', 'A', 'A', 'A', 'A', 'A', 'A', 'A', 'A', 'A', 'A', 'A', 'A', 'B']",[16],0,"['A', 'A', 'A', 'A', 'A', 'A', 'A', 'A', 'A', 'A', 'B', 'B', 'B', 'B', 'B', 'B']",[11],0,0.0,0,,"['ACPC', 'ASPS', 'ASPC', 'ACPS']"
i9qjfxbx,132,or69qa0c,6616626f36d30819f4967083,Sea Shepherd (SS),22.0,12.0,"['A', 'A', 'A', 'A', 'A', 'A', 'A', 'A', 'A', 'A', 'A', 'B', 'B', 'B', 'B', 'B']",[12],0,"['A', 'A', 'A', 'A', 'A', 'A', 'B', 'B', 'B', 'B', 'B', 'B', 'B', 'B', 'B', 'B']",[7],0,0.0,0,,"['ASPC', 'ASPS', 'ACPC', 'ACPS']"
mhuntazd,165,or69qa0c,620298a2ef1cb18a1337c314,World Wide Fund for Nature - UK (WWF),12.0,6.0,"['A', 'A', 'A', 'A', 'A', 'A', 'B', 'B', 'B', 'B', 'B', 'B', 'B', 'B', 'B', 'B']",[7],0,"['A', 'A', 'A', 'B', 'B', 'B', 'B', 'B', 'B', 'B', 'B', 'B', 'B', 'B', 'B', 'B']",[4],0,0.0,0,,"['ASPC', 'ACPC', 'ASPS', 'ACPS']"
j7fzmjaw,135,or69qa0c,6400dc9a87b5f4d0c3604bf3,World Wide Fund for Nature - UK (WWF),16.0,14.0,"['A', 'A', 'A', 'A', 'A', 'A', 'A', 'A', 'B', 'B', 'B', 'B', 'B', 'B', 'B', 'B']",[9],0,"['A', 'A', 'A', 'A', 'A', 'A', 'A', 'B', 'B', 'B', 'B', 'B', 'B', 'B', 'B', 'B']",[8],0,0.0,0,,"['ACPS', 'ASPC', 'ASPS', 'ACPC']"
we3lkehs,268,or69qa0c,5ab65c67f69e940001d8e06c,World Wide Fund for Nature - UK (WWF),22.0,12.0,"['A', 'A', 'A', 'A', 'A', 'A', 'A', 'A', 'A', 'A', 'A', 'B', 'B', 'B', 'B', 'B']",[12],0,"['A', 'A', 'A', 'A', 'A', 'A', 'B', 'B', 'B', 'B', 'B', 'B', 'B', 'B', 'B', 'B']",[7],0,0.0,0,,"['ASPC', 'ACPC', 'ACPS', 'ASPS']"
rosqy3le,214,or69qa0c,63ee7fdc7353888045333f01,GreenPeace - UK (GP),16.0,10.0,"['A', 'A', 'A', 'A', 'A', 'A', 'A', 'A', 'B', 'B', 'B', 'B', 'B', 'B', 'B', 'B']",[9],0,"['A', 'A', 'A', 'A', 'A', 'B', 'B', 'B', 'B', 'B', 'B', 'B', 'B', 'B', 'B', 'B']",[6],0,0.0,0,,"['ASPC', 'ACPS', 'ACPC', 'ASPS']"
pkb7wqe5,190,or69qa0c,66045cc3d586a3545dcab891,Sea Shepherd (SS),20.0,10.0,"['A', 'A', 'A', 'A', 'A', 'A', 'A', 'A', 'A', 'A', 'B', 'B', 'B', 'B', 'B', 'B']",[11],0,"['A', 'A', 'A', 'A', 'A', 'B', 'B', 'B', 'B', 'B', 'B', 'B', 'B', 'B', 'B', 'B']",[6],0,0.0,0,,"['ACPS', 'ACPC', 'ASPS', 'ASPC']"
qn9qyb3t,200,or69qa0c,5fd410790e3b0716869c801e,Surfers Against Sewage (SAS),22.0,26.0,"['A', 'A', 'A', 'A', 'A', 'A', 'A', 'A', 'A', 'A', 'A', 'B', 'B', 'B', 'B', 'B']",[12],0,"['A', 'A', 'A', 'A', 'A', 'A', 'A', 'A', 'A', 'A', 'A', 'A', 'A', 'B', 'B', 'B']",[14],0,0.0,1,,"['ACPC', 'ASPC', 'ACPS', 'ASPS']"
c540fjlz,79,or69qa0c,5ebd6f91aa78300661bf065f,World Wide Fund for Nature - UK (WWF),16.0,10.0,"['A', 'A', 'A', 'A', 'A', 'A', 'A', 'A', 'B', 'B', 'B', 'B', 'B', 'B', 'B', 'B']",[9],0,"['A', 'A', 'A', 'A', 'A', 'B', 'B', 'B', 'B', 'B', 'B', 'B', 'B', 'B', 'B', 'B']",[6],0,0.0,0,15.0,"['ACPC', 'ASPS', 'ASPC', 'ACPS']"
66wb7g7q,40,or69qa0c,6612abdff945272cc0ac57a0,GreenPeace - UK (GP),12.0,8.0,"['A', 'A', 'A', 'A', 'A', 'A', 'B', 'B', 'B', 'B', 'B', 'B', 'B', 'B', 'B', 'B']",[7],0,"['A', 'A', 'A', 'A', 'B', 'B', 'B', 'B', 'B', 'B', 'B', 'B', 'B', 'B', 'B', 'B']",[5],0,0.0,0,,"['ASPS', 'ACPC', 'ASPC', 'ACPS']"
jkl43t71,138,or69qa0c,5fa172f66e1f192715cbb6cb,World Wide Fund for Nature - UK (WWF),16.0,12.0,"['A', 'A', 'A', 'A', 'A', 'A', 'A', 'A', 'B', 'B', 'B', 'B', 'B', 'B', 'B', 'B']",[9],0,"['A', 'A', 'A', 'A', 'A', 'A', 'B', 'B', 'B', 'B', 'B', 'B', 'B', 'B', 'B', 'B']",[7],0,0.0,0,,"['ASPS', 'ACPS', 'ACPC', 'ASPC']"
cd2l0l98,84,or69qa0c,6304db4577830d43f42d4d26,GreenPeace - UK (GP),30.0,30.0,"['A', 'A', 'A', 'A', 'A', 'A', 'A', 'A', 'A', 'A', 'A', 'A', 'A', 'A', 'A', 'A']",[],1,"['A', 'A', 'A', 'A', 'A', 'A', 'A', 'A', 'A', 'A', 'A', 'A', 'A', 'A', 'A', 'A']",[],1,0.0,0,,"['ACPC', 'ASPS', 'ASPC', 'ACPS']"
epawu8jv,101,or69qa0c,662113345886355a095efaf5,World Wide Fund for Nature - UK (WWF),22.0,22.0,"['A', 'A', 'A', 'A', 'A', 'A', 'A', 'A', 'A', 'A', 'A', 'B', 'B', 'B', 'B', 'B']",[12],0,"['A', 'A', 'A', 'A', 'A', 'A', 'A', 'A', 'A', 'A', 'A', 'B', 'B', 'B', 'B', 'B']",[12],0,0.0,0,,"['ASPS', 'ACPS', 'ACPC', 'ASPC']"
tubfoosb,246,or69qa0c,5eb2dcaf20c7f0083670c7f9,Surfers Against Sewage (SAS),10.0,10.0,"['A', 'A', 'A', 'A', 'A', 'B', 'B', 'B', 'B', 'B', 'B', 'B', 'B', 'B', 'B', 'B']",[6],0,"['A', 'A', 'A', 'A', 'A', 'B', 'B', 'B', 'B', 'B', 'B', 'B', 'B', 'B', 'B', 'B']",[6],0,0.0,0,,"['ACPS', 'ACPC', 'ASPS', 'ASPC']"
e4ocwkyd,94,or69qa0c,59f0be850fb3a90001bd9fc8,Sea Shepherd (SS),20.0,8.0,"['A', 'A', 'A', 'A', 'A', 'A', 'A', 'A', 'A', 'A', 'B', 'B', 'B', 'B', 'B', 'B']",[11],0,"['A', 'A', 'A', 'A', 'B', 'B', 'B', 'B', 'B', 'B', 'B', 'B', 'B', 'B', 'B', 'B']",[5],0,0.0,0,,"['ACPS', 'ASPC', 'ASPS', 'ACPC']"
kwrcimmm,156,or69qa0c,6413799cf7721ee0ce637e09,GreenPeace - UK (GP),30.0,30.0,"['A', 'A', 'A', 'A', 'A', 'A', 'A', 'A', 'A', 'A', 'A', 'A', 'A', 'A', 'A', 'A']",[],1,"['A', 'A', 'A', 'A', 'A', 'A', 'A', 'A', 'A', 'A', 'A', 'A', 'A', 'A', 'A', 'A']",[],1,0.0,0,,"['ASPS', 'ACPS', 'ASPC', 'ACPC']"
jtylrxah,143,or69qa0c,6101b0dc5a0b2fb266da3699,Sea Shepherd (SS),30.0,30.0,"['A', 'A', 'A', 'A', 'A', 'A', 'A', 'A', 'A', 'A', 'A', 'A', 'A', 'A', 'A', 'A']",[],1,"['A', 'A', 'A', 'A', 'A', 'A', 'A', 'A', 'A', 'A', 'A', 'A', 'A', 'A', 'A', 'A']",[],1,0.0,0,,"['ACPC', 'ASPC', 'ASPS', 'ACPS']"
4tszases,33,or69qa0c,613caa9f06576b39c91eb6af,Surfers Against Sewage (SAS),20.0,14.0,"['A', 'A', 'A', 'A', 'A', 'A', 'A', 'A', 'A', 'A', 'B', 'B', 'B', 'B', 'B', 'B']",[11],0,"['A', 'A', 'A', 'A', 'A', 'A', 'A', 'B', 'B', 'B', 'B', 'B', 'B', 'B', 'B', 'B']",[8],0,0.0,0,,"['ACPS', 'ACPC', 'ASPS', 'ASPC']"
k10vjvdr,145,or69qa0c,62a1c5999da14fa565e0d893,World Wide Fund for Nature - UK (WWF),30.0,30.0,"['A', 'A', 'A', 'A', 'A', 'A', 'A', 'A', 'A', 'A', 'A', 'A', 'A', 'A', 'A', 'A']",[],1,"['A', 'A', 'A', 'A', 'A', 'A', 'A', 'A', 'A', 'A', 'A', 'A', 'A', 'A', 'A', 'A']",[],1,0.0,0,,"['ASPS', 'ACPC', 'ASPC', 'ACPS']"
4908dvk5,29,or69qa0c,657db05d38428b854dc10034,Sea Shepherd (SS),30.0,30.0,"['A', 'A', 'A', 'A', 'A', 'A', 'A', 'A', 'A', 'A', 'A', 'A', 'A', 'A', 'A', 'B']",[16],0,"['A', 'A', 'A', 'A', 'A', 'A', 'A', 'A', 'A', 'A', 'A', 'A', 'A', 'A', 'A', 'B']",[16],0,0.0,0,,"['ASPC', 'ASPS', 'ACPC', 'ACPS']"
o7t2cdo8,177,or69qa0c,5e7b90c448b5f41a96838b93,GreenPeace - UK (GP),20.0,12.0,"['A', 'A', 'A', 'A', 'A', 'A', 'A', 'A', 'A', 'A', 'B', 'B', 'B', 'B', 'B', 'B']",[11],0,"['A', 'A', 'A', 'A', 'A', 'A', 'B', 'B', 'B', 'B', 'B', 'B', 'B', 'B', 'B', 'B']",[7],0,0.0,0,,"['ASPS', 'ACPC', 'ACPS', 'ASPC']"
5ht4sz4o,36,or69qa0c,641364d0e4356f62a8c4532d,World Wide Fund for Nature - UK (WWF),30.0,26.0,"['A', 'A', 'A', 'A', 'A', 'A', 'A', 'A', 'A', 'A', 'A', 'A', 'A', 'A', 'A', 'A']",[],1,"['A', 'A', 'A', 'A', 'A', 'A', 'A', 'A', 'A', 'A', 'A', 'A', 'A', 'B', 'B', 'B']",[14],0,0.0,0,,"['ASPC', 'ACPC', 'ACPS', 'ASPS']"
z7z8ayz7,294,or69qa0c,609af3cd79496a13a498737d,World Wide Fund for Nature - UK (WWF),30.0,30.0,"['A', 'A', 'A', 'A', 'A', 'A', 'A', 'A', 'A', 'A', 'A', 'A', 'A', 'A', 'A', 'A']",[],1,"['A', 'A', 'A', 'A', 'A', 'A', 'A', 'A', 'A', 'A', 'A', 'A', 'A', 'A', 'A', 'A']",[],1,0.0,0,,"['ASPS', 'ACPS', 'ASPC', 'ACPC']"
cbaq192r,83,or69qa0c,612cbe71ebccd0a5eef5160c,Sea Shepherd (SS),30.0,24.0,"['A', 'A', 'A', 'A', 'A', 'A', 'A', 'A', 'A', 'A', 'A', 'A', 'A', 'A', 'A', 'B']",[16],0,"['A', 'A', 'A', 'A', 'A', 'A', 'A', 'A', 'A', 'A', 'A', 'A', 'B', 'B', 'B', 'B']",[13],0,0.0,0,,"['ASPS', 'ACPC', 'ACPS', 'ASPC']"
xns0b276,278,or69qa0c,5f25ae44546c5a26eabe8a14,Sea Shepherd (SS),30.0,20.0,"['A', 'A', 'A', 'A', 'A', 'A', 'A', 'A', 'A', 'A', 'A', 'A', 'A', 'A', 'A', 'B']",[16],0,"['A', 'A', 'A', 'A', 'A', 'A', 'A', 'A', 'A', 'A', 'B', 'B', 'B', 'B', 'B', 'B']",[11],0,0.0,0,,"['ACPC', 'ASPC', 'ACPS', 'ASPS']"
y50krq9e,281,or69qa0c,63d13c9e1c33ca2182c2ef5e,The Nature Conservancy (NC),12.0,6.0,"['A', 'A', 'A', 'A', 'A', 'A', 'B', 'B', 'B', 'B', 'B', 'B', 'B', 'B', 'B', 'B']",[7],0,"['A', 'A', 'A', 'B', 'B', 'B', 'B', 'B', 'B', 'B', 'B', 'B', 'B', 'B', 'B', 'B']",[4],0,0.0,0,,"['ASPC', 'ACPC', 'ACPS', 'ASPS']"
q0oeu604,195,or69qa0c,5b4b859e11d39e00017bc223,Sea Shepherd (SS),30.0,30.0,"['A', 'A', 'A', 'A', 'A', 'A', 'A', 'A', 'A', 'A', 'A', 'A', 'A', 'A', 'A', 'B']",[16],0,"['A', 'A', 'A', 'A', 'A', 'A', 'A', 'A', 'A', 'A', 'A', 'A', 'A', 'A', 'A', 'B']",[16],0,0.0,0,,"['ACPS', 'ACPC', 'ASPC', 'ASPS']"
vcgt8tmp,258,or69qa0c,5b93086f00e06e0001bf4033,Sea Shepherd (SS),12.0,12.0,"['A', 'A', 'A', 'A', 'A', 'A', 'B', 'B', 'B', 'B', 'B', 'B', 'B', 'B', 'B', 'B']",[7],0,"['A', 'A', 'A', 'A', 'A', 'A', 'B', 'B', 'B', 'B', 'B', 'B', 'B', 'B', 'B', 'B']",[7],0,0.0,0,,"['ACPC', 'ASPC', 'ACPS', 'ASPS']"
rvcnfxcf,216,or69qa0c,660c01a5cc89c698d522d634,World Wide Fund for Nature - UK (WWF),10.0,8.0,"['A', 'A', 'A', 'A', 'A', 'B', 'B', 'B', 'B', 'B', 'B', 'B', 'B', 'B', 'B', 'B']",[6],0,"['A', 'A', 'A', 'A', 'B', 'B', 'B', 'B', 'B', 'B', 'B', 'B', 'B', 'B', 'B', 'B']",[5],0,0.0,0,,"['ASPC', 'ASPS', 'ACPS', 'ACPC']"
5l80iybj,38,or69qa0c,60cdad61f2fc16483e5db0a7,World Wide Fund for Nature - UK (WWF),10.0,8.0,"['A', 'A', 'A', 'A', 'A', 'B', 'B', 'B', 'B', 'B', 'B', 'B', 'B', 'B', 'B', 'B']",[6],0,"['A', 'A', 'A', 'A', 'B', 'B', 'B', 'B', 'B', 'B', 'B', 'B', 'B', 'B', 'B', 'B']",[5],0,0.0,0,,"['ASPS', 'ASPC', 'ACPS', 'ACPC']"
c9pm41la,82,or69qa0c,59d65ad8e2762800015eb51b,GreenPeace - UK (GP),30.0,30.0,"['A', 'A', 'A', 'A', 'A', 'A', 'A', 'A', 'A', 'A', 'A', 'A', 'A', 'A', 'A', 'A']",[],1,"['A', 'A', 'A', 'A', 'A', 'A', 'A', 'A', 'A', 'A', 'A', 'A', 'A', 'A', 'A', 'A']",[],1,0.0,0,,"['ASPC', 'ACPS', 'ASPS', 'ACPC']"
s47ajhs7,219,or69qa0c,63495b138c084050589e7e2d,GreenPeace - UK (GP),12.0,8.0,"['A', 'A', 'A', 'A', 'A', 'A', 'B', 'B', 'B', 'B', 'B', 'B', 'B', 'B', 'B', 'B']",[7],0,"['A', 'A', 'A', 'A', 'B', 'B', 'B', 'B', 'B', 'B', 'B', 'B', 'B', 'B', 'B', 'B']",[5],0,0.0,0,1.0,"['ASPS', 'ASPC', 'ACPC', 'ACPS']"
7syq11td,55,or69qa0c,62bb9d0e68505686f46178b0,World Wide Fund for Nature - UK (WWF),30.0,24.0,"['A', 'A', 'A', 'A', 'A', 'A', 'A', 'A', 'A', 'A', 'A', 'A', 'A', 'A', 'A', 'A']",[],1,"['A', 'A', 'A', 'A', 'A', 'A', 'A', 'A', 'A', 'A', 'A', 'A', 'B', 'B', 'B', 'B']",[13],0,0.0,0,,"['ACPC', 'ASPS', 'ASPC', 'ACPS']"
qxx2nf2k,205,or69qa0c,60df50341cbe23c631681310,World Wide Fund for Nature - UK (WWF),16.0,2.0,"['A', 'A', 'A', 'A', 'A', 'A', 'A', 'A', 'B', 'B', 'B', 'B', 'B', 'B', 'B', 'B']",[9],0,"['A', 'B', 'B', 'B', 'B', 'B', 'B', 'B', 'B', 'B', 'B', 'B', 'B', 'B', 'B', 'B']",[2],0,0.0,0,,"['ASPC', 'ACPS', 'ACPC', 'ASPS']"
pfcdiyoj,187,or69qa0c,610303cc518cc9e3899dcbb7,Surfers Against Sewage (SAS),22.0,24.0,"['A', 'A', 'A', 'A', 'A', 'A', 'A', 'A', 'A', 'A', 'A', 'B', 'B', 'B', 'B', 'B']",[12],0,"['A', 'A', 'A', 'A', 'A', 'A', 'A', 'A', 'A', 'A', 'A', 'A', 'B', 'B', 'B', 'B']",[13],0,0.0,1,,"['ACPS', 'ASPS', 'ASPC', 'ACPC']"
f30xxvw0,102,or69qa0c,60eda0b5e8f579f6a73d0f6b,The Nature Conservancy (NC),20.0,22.0,"['A', 'A', 'A', 'A', 'A', 'A', 'A', 'A', 'A', 'A', 'B', 'B', 'B', 'B', 'B', 'B']",[11],0,"['A', 'A', 'A', 'A', 'A', 'A', 'A', 'A', 'A', 'A', 'A', 'B', 'B', 'B', 'B', 'B']",[12],0,0.0,1,,"['ACPC', 'ASPC', 'ASPS', 'ACPS']"
udhjdznh,253,or69qa0c,5a16b57438ed430001be8920,Sea Shepherd (SS),10.0,6.0,"['A', 'A', 'A', 'A', 'A', 'B', 'B', 'B', 'B', 'B', 'B', 'B', 'B', 'B', 'B', 'B']",[6],0,"['A', 'A', 'A', 'B', 'B', 'B', 'B', 'B', 'B', 'B', 'B', 'B', 'B', 'B', 'B', 'B']",[4],0,0.0,0,5.0,"['ACPS', 'ASPS', 'ASPC', 'ACPC']"
jzr5tg66,144,or69qa0c,6618d66687bb8bf0dcab87cc,World Wide Fund for Nature - UK (WWF),12.0,18.0,"['A', 'A', 'A', 'A', 'A', 'A', 'B', 'B', 'B', 'B', 'B', 'B', 'B', 'B', 'B', 'B']",[7],0,"['A', 'A', 'A', 'A', 'A', 'A', 'A', 'A', 'A', 'B', 'B', 'B', 'B', 'B', 'B', 'B']",[10],0,0.0,1,,"['ACPS', 'ASPS', 'ASPC', 'ACPC']"
x1kyevek,273,or69qa0c,60dddafcba71ad145265250d,The Nature Conservancy (NC),14.0,8.0,"['A', 'A', 'A', 'A', 'A', 'A', 'A', 'B', 'B', 'B', 'B', 'B', 'B', 'B', 'B', 'B']",[8],0,"['A', 'A', 'A', 'A', 'B', 'B', 'B', 'B', 'B', 'B', 'B', 'B', 'B', 'B', 'B', 'B']",[5],0,0.0,0,,"['ACPS', 'ASPC', 'ASPS', 'ACPC']"
icxieplv,133,or69qa0c,5dda54951986eb9b96b41f59,World Wide Fund for Nature - UK (WWF),30.0,20.0,"['A', 'A', 'A', 'A', 'A', 'A', 'A', 'A', 'A', 'A', 'A', 'A', 'A', 'A', 'A', 'A']",[],1,"['A', 'A', 'A', 'A', 'A', 'A', 'A', 'A', 'A', 'A', 'B', 'B', 'B', 'B', 'B', 'B']",[11],0,0.0,0,,"['ACPC', 'ASPS', 'ASPC', 'ACPS']"
pbt7prwo,185,or69qa0c,5dc983b9902a986ae3ac3edc,The Nature Conservancy (NC),12.0,6.0,"['A', 'A', 'A', 'A', 'A', 'A', 'B', 'B', 'B', 'B', 'B', 'B', 'B', 'B', 'B', 'B']",[7],0,"['A', 'A', 'A', 'B', 'B', 'B', 'B', 'B', 'B', 'B', 'B', 'B', 'B', 'B', 'B', 'B']",[4],0,0.0,0,,"['ACPC', 'ASPC', 'ASPS', 'ACPS']"
g53rrppr,113,or69qa0c,616555ec3460f0a519c1cdff,World Wide Fund for Nature - UK (WWF),12.0,6.0,"['A', 'A', 'A', 'A', 'A', 'A', 'B', 'B', 'B', 'B', 'B', 'B', 'B', 'B', 'B', 'B']",[7],0,"['A', 'A', 'A', 'B', 'B', 'B', 'B', 'B', 'B', 'B', 'B', 'B', 'B', 'B', 'B', 'B']",[4],0,0.0,0,,"['ACPS', 'ACPC', 'ASPS', 'ASPC']"
hka7rv3a,125,or69qa0c,62fb820d1e226563a6e9d02e,The Nature Conservancy (NC),22.0,12.0,"['A', 'A', 'A', 'A', 'A', 'A', 'A', 'A', 'A', 'A', 'A', 'B', 'B', 'B', 'B', 'B']",[12],0,"['A', 'A', 'A', 'A', 'A', 'A', 'B', 'B', 'B', 'B', 'B', 'B', 'B', 'B', 'B', 'B']",[7],0,0.0,0,,"['ASPC', 'ACPC', 'ASPS', 'ACPS']"
s2ffcqst,218,or69qa0c,60ca044c7b2e9a4654efeb77,World Wide Fund for Nature - UK (WWF),30.0,24.0,"['A', 'A', 'A', 'A', 'A', 'A', 'A', 'A', 'A', 'A', 'A', 'A', 'A', 'A', 'A', 'A']",[],1,"['A', 'A', 'A', 'A', 'A', 'A', 'A', 'A', 'A', 'A', 'A', 'A', 'B', 'B', 'B', 'B']",[13],0,0.0,0,,"['ASPC', 'ACPS', 'ASPS', 'ACPC']"
c6zqae6f,81,or69qa0c,6148bd948f9404442c6b70e9,World Wide Fund for Nature - UK (WWF),28.0,22.0,"['A', 'A', 'A', 'A', 'A', 'A', 'A', 'A', 'A', 'A', 'A', 'A', 'A', 'A', 'B', 'B']",[15],0,"['A', 'A', 'A', 'A', 'A', 'A', 'A', 'A', 'A', 'A', 'A', 'B', 'B', 'B', 'B', 'B']",[12],0,0.0,0,,"['ACPS', 'ASPC', 'ACPC', 'ASPS']"
jopdruew,141,or69qa0c,604fa685e33606f9a0ee8189,Sea Shepherd (SS),24.0,26.0,"['A', 'A', 'A', 'A', 'A', 'A', 'A', 'A', 'A', 'A', 'A', 'A', 'B', 'B', 'B', 'B']",[13],0,"['A', 'A', 'A', 'A', 'A', 'A', 'A', 'A', 'A', 'A', 'A', 'A', 'A', 'B', 'B', 'B']",[14],0,0.0,1,,"['ASPC', 'ACPS', 'ASPS', 'ACPC']"
jf0rhii6,137,or69qa0c,631748d718be5f44496bf754,The Nature Conservancy (NC),30.0,30.0,"['A', 'A', 'A', 'A', 'A', 'A', 'A', 'A', 'A', 'A', 'A', 'A', 'A', 'A', 'A', 'A']",[],1,"['A', 'A', 'A', 'A', 'A', 'A', 'A', 'A', 'A', 'A', 'A', 'A', 'A', 'A', 'A', 'A']",[],1,0.0,0,,"['ASPC', 'ASPS', 'ACPS', 'ACPC']"
s7w8bx5y,221,or69qa0c,64333e37b0fca53775bad01a,GreenPeace - UK (GP),18.0,12.0,"['A', 'A', 'A', 'A', 'A', 'A', 'A', 'A', 'A', 'B', 'B', 'B', 'B', 'B', 'B', 'B']",[10],0,"['A', 'A', 'A', 'A', 'A', 'A', 'B', 'B', 'B', 'B', 'A', 'A', 'A', 'A', 'A', 'B']","[7, 11, 16]",MSP,0.0,0,1.0,"['ASPC', 'ACPC', 'ASPS', 'ACPS']"
guolxlu9,119,or69qa0c,6620d90870c71835f4f55ccb,Surfers Against Sewage (SAS),10.0,10.0,"['A', 'A', 'A', 'A', 'A', 'B', 'B', 'B', 'B', 'B', 'B', 'B', 'B', 'B', 'B', 'B']",[6],0,"['A', 'A', 'A', 'A', 'A', 'B', 'B', 'B', 'B', 'B', 'B', 'B', 'B', 'B', 'B', 'B']",[6],0,0.0,0,,"['ACPC', 'ASPS', 'ACPS', 'ASPC']"
vu44bqpk,262,or69qa0c,61fa9085d42cb19beec4915d,World Wide Fund for Nature - UK (WWF),22.0,12.0,"['A', 'A', 'A', 'A', 'A', 'A', 'A', 'A', 'A', 'A', 'A', 'B', 'B', 'B', 'B', 'B']",[12],0,"['A', 'A', 'A', 'A', 'A', 'A', 'B', 'B', 'B', 'B', 'B', 'B', 'B', 'B', 'B', 'B']",[7],0,0.0,0,,"['ACPS', 'ACPC', 'ASPS', 'ASPC']"
fkloqd17,109,or69qa0c,5f40cdbc899a9b20ca30306a,The Nature Conservancy (NC),8.0,4.0,"['A', 'A', 'A', 'A', 'B', 'B', 'B', 'B', 'B', 'B', 'B', 'B', 'B', 'B', 'B', 'B']",[5],0,"['A', 'A', 'B', 'B', 'B', 'B', 'B', 'B', 'B', 'B', 'B', 'B', 'B', 'B', 'B', 'B']",[3],0,0.0,0,4.0,"['ASPS', 'ACPS', 'ACPC', 'ASPC']"
fcy1uzzh,105,or69qa0c,63d17686afe6614ac1f77f9b,The Nature Conservancy (NC),30.0,20.0,"['A', 'A', 'A', 'A', 'A', 'A', 'A', 'A', 'A', 'A', 'A', 'A', 'A', 'A', 'A', 'A']",[],1,"['A', 'A', 'A', 'A', 'A', 'A', 'A', 'A', 'A', 'A', 'B', 'B', 'B', 'B', 'B', 'B']",[11],0,0.0,0,,"['ACPS', 'ACPC', 'ASPC', 'ASPS']"
zyivz68y,300,or69qa0c,60fed89f91b60ea9d6c5f648,Sea Shepherd (SS),16.0,14.0,"['A', 'A', 'A', 'A', 'A', 'A', 'A', 'A', 'B', 'B', 'B', 'B', 'B', 'B', 'B', 'B']",[9],0,"['A', 'A', 'A', 'A', 'A', 'A', 'A', 'B', 'B', 'B', 'B', 'B', 'B', 'B', 'B', 'B']",[8],0,0.0,0,,"['ACPC', 'ASPC', 'ASPS', 'ACPS']"
3aagxt1h,23,or69qa0c,636540f16a0ba04d5bf4644e,World Wide Fund for Nature - UK (WWF),22.0,18.0,"['A', 'A', 'A', 'A', 'A', 'A', 'A', 'A', 'A', 'A', 'A', 'B', 'B', 'B', 'B', 'B']",[12],0,"['A', 'A', 'A', 'A', 'A', 'A', 'A', 'A', 'A', 'B', 'B', 'B', 'B', 'B', 'B', 'B']",[10],0,0.0,0,,"['ACPC', 'ACPS', 'ASPS', 'ASPC']"
12csigh5,10,or69qa0c,5debd384b48fa72bff8b0efc,GreenPeace - UK (GP),30.0,30.0,"['A', 'A', 'A', 'A', 'A', 'A', 'A', 'A', 'A', 'A', 'A', 'A', 'A', 'A', 'A', 'B']",[16],0,"['A', 'A', 'A', 'A', 'A', 'A', 'A', 'A', 'A', 'A', 'A', 'A', 'A', 'A', 'A', 'B']",[16],0,0.0,0,,"['ACPS', 'ACPC', 'ASPS', 'ASPC']"
go30ug1h,115,or69qa0c,5ff47dc3e766bbb8c075ed2d,GreenPeace - UK (GP),8.0,4.0,"['A', 'A', 'A', 'A', 'B', 'B', 'B', 'B', 'B', 'B', 'B', 'B', 'B', 'B', 'B', 'B']",[5],0,"['A', 'A', 'B', 'B', 'B', 'B', 'B', 'B', 'B', 'B', 'B', 'B', 'B', 'B', 'B', 'B']",[3],0,0.0,0,,"['ACPS', 'ASPS', 'ASPC', 'ACPC']"
ypovbwre,287,or69qa0c,629e269e0d3386a36e3bf52e,Sea Shepherd (SS),2.0,2.0,"['A', 'B', 'B', 'B', 'B', 'B', 'B', 'B', 'B', 'B', 'B', 'B', 'B', 'B', 'B', 'B']",[2],0,"['A', 'B', 'B', 'B', 'B', 'B', 'B', 'B', 'B', 'B', 'B', 'B', 'B', 'B', 'B', 'B']",[2],0,0.0,0,,"['ACPS', 'ASPC', 'ACPC', 'ASPS']"
y8j8jeq2,282,or69qa0c,5fa43bb9a1da9605a34dcc0d,The Nature Conservancy (NC),30.0,30.0,"['A', 'A', 'A', 'A', 'A', 'A', 'A', 'A', 'A', 'A', 'A', 'A', 'A', 'A', 'A', 'A']",[],1,"['A', 'A', 'A', 'A', 'A', 'A', 'A', 'A', 'A', 'A', 'A', 'A', 'A', 'A', 'A', 'A']",[],1,0.0,0,,"['ACPC', 'ASPS', 'ASPC', 'ACPS']"
uycdikoh,255,or69qa0c,5fbf82073c290326d44a11f0,World Wide Fund for Nature - UK (WWF),22.0,20.0,"['A', 'A', 'A', 'A', 'A', 'A', 'A', 'A', 'A', 'A', 'A', 'B', 'B', 'B', 'B', 'B']",[12],0,"['A', 'A', 'A', 'A', 'A', 'A', 'A', 'A', 'A', 'A', 'B', 'B', 'B', 'B', 'B', 'B']",[11],0,0.0,0,,"['ACPS', 'ASPS', 'ASPC', 'ACPC']"
tw3k4jdt,247,or69qa0c,5e9f383061281c0c4c598dc9,World Wide Fund for Nature - UK (WWF),14.0,12.0,"['A', 'A', 'A', 'A', 'A', 'A', 'A', 'B', 'B', 'B', 'B', 'B', 'B', 'B', 'B', 'B']",[8],0,"['A', 'A', 'A', 'A', 'A', 'A', 'B', 'B', 'B', 'B', 'B', 'B', 'B', 'B', 'B', 'B']",[7],0,0.0,0,,"['ASPS', 'ACPS', 'ACPC', 'ASPC']"
hx81xcgf,130,or69qa0c,62347a304666adc4ae9be6bb,World Wide Fund for Nature - UK (WWF),4.0,12.0,"['A', 'A', 'B', 'A', 'B', 'B', 'B', 'A', 'A', 'B', 'B', 'B', 'B', 'B', 'B', 'B']","[3, 4, 5, 8, 10]",MSP,"['A', 'A', 'A', 'A', 'A', 'A', 'B', 'B', 'B', 'B', 'B', 'B', 'B', 'B', 'B', 'B']",[7],0,0.0,1,3.0,"['ASPS', 'ACPC', 'ASPC', 'ACPS']"
p4lgulw8,183,or69qa0c,6310d187315505a30722cd64,World Wide Fund for Nature - UK (WWF),30.0,30.0,"['A', 'A', 'A', 'A', 'A', 'A', 'A', 'A', 'A', 'A', 'A', 'A', 'A', 'A', 'A', 'A']",[],1,"['A', 'A', 'A', 'A', 'A', 'A', 'A', 'A', 'A', 'A', 'A', 'A', 'A', 'A', 'A', 'A']",[],1,0.0,0,,"['ACPS', 'ACPC', 'ASPC', 'ASPS']"
dtnms71a,92,or69qa0c,5ea9452fe3583b01c06ff478,Sea Shepherd (SS),30.0,22.0,"['A', 'A', 'A', 'A', 'A', 'A', 'A', 'A', 'A', 'A', 'A', 'A', 'A', 'A', 'A', 'A']",[],1,"['A', 'A', 'A', 'A', 'A', 'A', 'A', 'A', 'A', 'A', 'A', 'B', 'B', 'B', 'B', 'B']",[12],0,0.0,0,,"['ACPC', 'ASPC', 'ASPS', 'ACPS']"
fuq7xnx4,110,or69qa0c,5ef7c6094ffead5091899f98,The Nature Conservancy (NC),30.0,30.0,"['A', 'A', 'A', 'A', 'A', 'A', 'A', 'A', 'A', 'A', 'A', 'A', 'A', 'A', 'A', 'A']",[],1,"['A', 'A', 'A', 'A', 'A', 'A', 'A', 'A', 'A', 'A', 'A', 'A', 'A', 'A', 'A', 'A']",[],1,0.0,0,,"['ACPS', 'ASPC', 'ACPC', 'ASPS']"
c4cl8rqt,78,or69qa0c,61fa95035719bc09cb8350c4,GreenPeace - UK (GP),30.0,30.0,"['A', 'A', 'A', 'A', 'A', 'A', 'A', 'A', 'A', 'A', 'A', 'A', 'A', 'A', 'A', 'A']",[],1,"['A', 'A', 'A', 'A', 'A', 'A', 'A', 'A', 'A', 'A', 'A', 'A', 'A', 'A', 'A', 'A']",[],1,0.0,0,,"['ASPS', 'ACPC', 'ASPC', 'ACPS']"
zjc1pekm,298,or69qa0c,629e42a3800b66722644beda,World Wide Fund for Nature - UK (WWF),12.0,2.0,"['A', 'A', 'A', 'A', 'A', 'A', 'B', 'A', 'B', 'A', 'B', 'A', 'B', 'A', 'B', 'A']","[7, 8, 9, 10, 11, 12, 13, 14, 15, 16]",MSP,"['A', 'B', 'A', 'B', 'A', 'B', 'A', 'B', 'A', 'B', 'A', 'B', 'A', 'B', 'A', 'B']","[2, 3, 4, 5, 6, 7, 8, 9, 10, 11, 12, 13, 14, 15, 16]",MSP,0.0,0,1.0,"['ACPS', 'ASPS', 'ACPC', 'ASPC']"
oh9x2jpg,181,or69qa0c,62fbca6b12404847b854f476,World Wide Fund for Nature - UK (WWF),20.0,10.0,"['A', 'A', 'A', 'A', 'A', 'A', 'A', 'A', 'A', 'A', 'B', 'B', 'B', 'B', 'B', 'B']",[11],0,"['A', 'A', 'A', 'A', 'A', 'B', 'B', 'B', 'B', 'B', 'B', 'B', 'B', 'B', 'B', 'B']",[6],0,0.0,0,,"['ACPS', 'ASPC', 'ACPC', 'ASPS']"
obyv4nco,179,or69qa0c,63e96959678f35bee3bd2de9,World Wide Fund for Nature - UK (WWF),10.0,6.0,"['A', 'A', 'A', 'A', 'A', 'B', 'B', 'B', 'B', 'B', 'B', 'B', 'B', 'B', 'B', 'B']",[6],0,"['A', 'A', 'A', 'B', 'B', 'B', 'B', 'B', 'B', 'B', 'B', 'B', 'B', 'B', 'B', 'B']",[4],0,0.0,0,,"['ACPS', 'ASPS', 'ASPC', 'ACPC']"
ms4raotk,168,or69qa0c,6525f403858fe5cdc54aa01f,Sea Shepherd (SS),20.0,10.0,"['A', 'A', 'A', 'A', 'A', 'A', 'A', 'A', 'A', 'A', 'B', 'B', 'B', 'B', 'B', 'B']",[11],0,"['A', 'A', 'A', 'A', 'A', 'B', 'B', 'B', 'B', 'B', 'B', 'B', 'B', 'B', 'B', 'B']",[6],0,0.0,0,,"['ASPC', 'ASPS', 'ACPS', 'ACPC']"
r6sbhnah,208,or69qa0c,5c7427d637793100010f8bff,Surfers Against Sewage (SAS),12.0,6.0,"['A', 'A', 'A', 'A', 'A', 'A', 'B', 'B', 'B', 'B', 'B', 'B', 'B', 'B', 'B', 'B']",[7],0,"['A', 'A', 'A', 'B', 'B', 'B', 'B', 'B', 'B', 'B', 'B', 'B', 'B', 'B', 'B', 'B']",[4],0,0.0,0,,"['ACPS', 'ASPS', 'ASPC', 'ACPC']"
hx4uuneg,129,cpaawroq,5c45b52c016e2f00017e6f53,GreenPeace - UK (GP),30.0,30.0,"['A', 'A', 'A', 'A', 'A', 'A', 'A', 'A', 'A', 'A', 'A', 'A', 'A', 'A', 'A', 'A']",[],1,"['A', 'A', 'A', 'A', 'A', 'A', 'A', 'A', 'A', 'A', 'A', 'A', 'A', 'A', 'A', 'A']",[],1,0.0,0,,"['ASPC', 'ACPC', 'ACPS', 'ASPS']"
td45kkaq,237,cpaawroq,5e989863b159970c9eec6b5d,Sea Shepherd (SS),30.0,30.0,"['A', 'A', 'A', 'A', 'A', 'A', 'A', 'A', 'A', 'A', 'A', 'A', 'A', 'A', 'A', 'B']",[16],0,"['A', 'A', 'A', 'A', 'A', 'A', 'A', 'A', 'A', 'A', 'A', 'A', 'A', 'A', 'A', 'B']",[16],0,0.0,0,,"['ASPS', 'ACPS', 'ASPC', 'ACPC']"
wojo25pj,271,cpaawroq,5e28b99e1aacba092acd8cbd,World Wide Fund for Nature - UK (WWF),30.0,30.0,"['A', 'A', 'A', 'A', 'A', 'A', 'A', 'A', 'A', 'A', 'A', 'A', 'A', 'A', 'A', 'A']",[],1,"['A', 'A', 'A', 'A', 'A', 'A', 'A', 'A', 'A', 'A', 'A', 'A', 'A', 'A', 'A', 'A']",[],1,0.0,0,,"['ASPC', 'ACPS', 'ACPC', 'ASPS']"
1f83kkij,12,cpaawroq,5f1594065b06710629a4c197,Sea Shepherd (SS),30.0,30.0,"['A', 'A', 'A', 'A', 'A', 'A', 'A', 'A', 'A', 'A', 'A', 'A', 'A', 'A', 'A', 'A']",[],1,"['A', 'A', 'A', 'A', 'A', 'A', 'A', 'A', 'A', 'A', 'A', 'A', 'A', 'A', 'A', 'A']",[],1,0.0,0,,"['ASPS', 'ACPS', 'ASPC', 'ACPC']"
sl7o13ox,228,cpaawroq,5e93546d421374010958f9b6,World Wide Fund for Nature - UK (WWF),2.0,20.0,"['A', 'B', 'B', 'A', 'A', 'A', 'A', 'A', 'A', 'A', 'A', 'A', 'A', 'A', 'A', 'A']","[2, 4]",MSP,"['A', 'A', 'A', 'A', 'A', 'A', 'A', 'A', 'A', 'A', 'B', 'B', 'B', 'B', 'B', 'B']",[11],0,0.0,1,,"['ACPS', 'ASPC', 'ASPS', 'ACPC']"
z214g359,292,cpaawroq,5980f157413c230001291b22,GreenPeace - UK (GP),30.0,12.0,"['A', 'A', 'A', 'A', 'A', 'A', 'A', 'A', 'A', 'A', 'A', 'A', 'A', 'A', 'A', 'A']",[],1,"['A', 'A', 'A', 'A', 'A', 'A', 'B', 'B', 'B', 'B', 'B', 'B', 'B', 'B', 'B', 'B']",[7],0,0.0,0,,"['ACPS', 'ASPC', 'ASPS', 'ACPC']"
3ps02vw0,26,cpaawroq,60ca0f9779fb2693dce5f485,Surfers Against Sewage (SAS),22.0,18.0,"['A', 'A', 'A', 'A', 'A', 'A', 'A', 'A', 'A', 'A', 'A', 'B', 'B', 'B', 'B', 'B']",[12],0,"['A', 'A', 'A', 'A', 'A', 'A', 'A', 'A', 'A', 'B', 'B', 'B', 'B', 'B', 'B', 'B']",[10],0,0.0,0,2.0,"['ASPC', 'ACPC', 'ASPS', 'ACPS']"
fgf743f4,107,cpaawroq,5a24facd7413810001521f7a,Surfers Against Sewage (SAS),20.0,20.0,"['A', 'A', 'A', 'A', 'A', 'A', 'A', 'A', 'A', 'A', 'B', 'B', 'B', 'B', 'B', 'B']",[11],0,"['A', 'A', 'A', 'A', 'A', 'A', 'A', 'A', 'A', 'A', 'B', 'B', 'B', 'B', 'B', 'B']",[11],0,0.0,0,10.0,"['ASPS', 'ACPC', 'ASPC', 'ACPS']"
ud0g7haj,252,cpaawroq,5cafb4002263230001d0f02a,World Wide Fund for Nature - UK (WWF),10.0,6.0,"['A', 'A', 'A', 'A', 'A', 'B', 'B', 'B', 'B', 'B', 'B', 'B', 'B', 'B', 'B', 'B']",[6],0,"['A', 'A', 'A', 'B', 'B', 'B', 'B', 'B', 'B', 'B', 'B', 'B', 'B', 'B', 'B', 'B']",[4],0,0.0,0,,"['ACPC', 'ASPS', 'ASPC', 'ACPS']"
pjccuc1p,189,cpaawroq,605cbc0ccd5746e1b4f354d2,Surfers Against Sewage (SAS),20.0,12.0,"['A', 'A', 'A', 'A', 'A', 'A', 'A', 'A', 'A', 'A', 'B', 'B', 'B', 'B', 'B', 'B']",[11],0,"['A', 'A', 'A', 'A', 'A', 'A', 'B', 'B', 'B', 'B', 'B', 'B', 'B', 'B', 'B', 'B']",[7],0,0.0,0,,"['ASPS', 'ACPC', 'ACPS', 'ASPC']"
mkwi48m5,167,cpaawroq,5f5281da62b18454f9aa8b6d,The Nature Conservancy (NC),20.0,12.0,"['A', 'A', 'A', 'A', 'A', 'A', 'A', 'A', 'A', 'A', 'B', 'B', 'B', 'B', 'B', 'B']",[11],0,"['A', 'A', 'A', 'A', 'A', 'A', 'B', 'B', 'B', 'B', 'B', 'B', 'B', 'B', 'B', 'B']",[7],0,0.0,0,,"['ACPS', 'ACPC', 'ASPS', 'ASPC']"
8wvsn4wl,58,cpaawroq,60cf51d3a85f8780e661ac6a,World Wide Fund for Nature - UK (WWF),12.0,10.0,"['A', 'A', 'A', 'A', 'A', 'A', 'B', 'B', 'B', 'B', 'B', 'B', 'B', 'B', 'B', 'B']",[7],0,"['A', 'A', 'A', 'A', 'A', 'B', 'B', 'B', 'B', 'B', 'B', 'B', 'B', 'B', 'B', 'B']",[6],0,0.0,0,,"['ASPS', 'ACPS', 'ASPC', 'ACPC']"
g03lv6fd,111,cpaawroq,6296236a4965e587cc0d70a8,Sea Shepherd (SS),22.0,18.0,"['A', 'A', 'A', 'A', 'A', 'A', 'A', 'A', 'A', 'A', 'A', 'B', 'B', 'B', 'B', 'B']",[12],0,"['A', 'A', 'A', 'A', 'A', 'A', 'A', 'A', 'A', 'B', 'B', 'B', 'B', 'B', 'B', 'B']",[10],0,0.0,0,,"['ACPS', 'ASPS', 'ACPC', 'ASPC']"
6ytmdvm5,49,cpaawroq,5c5c05d16539fe00016e072c,Surfers Against Sewage (SAS),28.0,26.0,"['A', 'A', 'A', 'A', 'A', 'A', 'A', 'A', 'A', 'A', 'A', 'A', 'A', 'A', 'B', 'B']",[15],0,"['A', 'A', 'A', 'A', 'A', 'A', 'A', 'A', 'A', 'A', 'A', 'A', 'A', 'B', 'B', 'B']",[14],0,0.0,0,,"['ACPS', 'ACPC', 'ASPS', 'ASPC']"
k9y8k6jr,147,cpaawroq,5f240054aa2111204f231a51,World Wide Fund for Nature - UK (WWF),30.0,12.0,"['A', 'A', 'A', 'A', 'A', 'A', 'A', 'A', 'A', 'A', 'A', 'A', 'A', 'A', 'A', 'A']",[],1,"['A', 'A', 'A', 'A', 'A', 'A', 'B', 'B', 'B', 'B', 'B', 'B', 'B', 'B', 'B', 'B']",[7],0,0.0,0,,"['ACPS', 'ACPC', 'ASPC', 'ASPS']"
5k09ymh1,37,cpaawroq,5ee5483b1dfa3b0ded826eee,World Wide Fund for Nature - UK (WWF),30.0,30.0,"['A', 'A', 'A', 'A', 'A', 'A', 'A', 'A', 'A', 'A', 'A', 'A', 'A', 'A', 'A', 'A']",[],1,"['A', 'A', 'A', 'A', 'A', 'A', 'A', 'A', 'A', 'A', 'A', 'A', 'A', 'A', 'A', 'A']",[],1,0.0,0,,"['ASPS', 'ASPC', 'ACPS', 'ACPC']"
qsy4jgwu,202,cpaawroq,663645f27d30b8757b01260f,GreenPeace - UK (GP),20.0,16.0,"['A', 'A', 'A', 'A', 'A', 'A', 'A', 'A', 'A', 'A', 'B', 'B', 'B', 'B', 'B', 'B']",[11],0,"['A', 'A', 'A', 'A', 'A', 'A', 'A', 'A', 'B', 'B', 'B', 'B', 'B', 'B', 'B', 'B']",[9],0,0.0,0,,"['ACPS', 'ASPS', 'ACPC', 'ASPC']"
e78hyrcg,96,cpaawroq,640a40d65d7d66847e06def9,World Wide Fund for Nature - UK (WWF),30.0,20.0,"['A', 'A', 'A', 'A', 'A', 'A', 'A', 'A', 'A', 'A', 'A', 'A', 'A', 'A', 'A', 'A']",[],1,"['A', 'A', 'A', 'A', 'A', 'A', 'A', 'A', 'A', 'A', 'B', 'B', 'B', 'B', 'B', 'B']",[11],0,0.0,0,,"['ACPC', 'ACPS', 'ASPC', 'ASPS']"
zyai25z8,299,cpaawroq,5d08c65a6bf345001a52f4b1,Surfers Against Sewage (SAS),2.0,6.0,"['A', 'B', 'A', 'A', 'B', 'B', 'A', 'B', 'A', 'A', 'A', 'B', 'B', 'A', 'A', 'B']","[2, 3, 5, 7, 8, 9, 12, 14, 16]",MSP,"['A', 'A', 'A', 'B', 'B', 'B', 'A', 'A', 'B', 'A', 'A', 'A', 'B', 'B', 'B', 'B']","[4, 7, 9, 10, 13]",MSP,0.0,1,14.0,"['ACPC', 'ACPS', 'ASPC', 'ASPS']"
ariq9r32,71,cpaawroq,5c4f912d855bb80001ac70af,GreenPeace - UK (GP),22.0,18.0,"['A', 'A', 'A', 'A', 'A', 'A', 'A', 'A', 'A', 'A', 'A', 'B', 'B', 'B', 'B', 'B']",[12],0,"['A', 'A', 'A', 'A', 'A', 'A', 'A', 'A', 'A', 'B', 'B', 'B', 'B', 'B', 'B', 'B']",[10],0,0.0,0,,"['ACPS', 'ACPC', 'ASPC', 'ASPS']"
1vaklb5w,14,cpaawroq,5ec4ae36faf405398617680d,World Wide Fund for Nature - UK (WWF),30.0,30.0,"['A', 'A', 'A', 'A', 'A', 'A', 'A', 'A', 'A', 'A', 'A', 'A', 'A', 'A', 'A', 'A']",[],1,"['A', 'A', 'A', 'A', 'A', 'A', 'A', 'A', 'A', 'A', 'A', 'A', 'A', 'A', 'A', 'B']",[16],0,0.0,0,,"['ASPC', 'ASPS', 'ACPS', 'ACPC']"
3bmeya78,24,cpaawroq,65c535c127dceff9fd3607f8,Sea Shepherd (SS),12.0,8.0,"['A', 'A', 'A', 'A', 'A', 'A', 'B', 'B', 'B', 'B', 'B', 'B', 'B', 'B', 'B', 'B']",[7],0,"['A', 'A', 'A', 'A', 'B', 'B', 'B', 'B', 'B', 'B', 'B', 'B', 'B', 'B', 'B', 'B']",[5],0,0.0,0,,"['ASPS', 'ASPC', 'ACPC', 'ACPS']"
fd5ggryq,106,cpaawroq,610074329088b3e63b1ce2f1,The Nature Conservancy (NC),20.0,20.0,"['A', 'A', 'A', 'A', 'A', 'A', 'A', 'A', 'A', 'A', 'B', 'B', 'B', 'B', 'B', 'B']",[11],0,"['A', 'A', 'A', 'A', 'A', 'A', 'A', 'A', 'A', 'A', 'B', 'B', 'B', 'B', 'B', 'B']",[11],0,0.0,0,,"['ACPC', 'ASPC', 'ASPS', 'ACPS']"
nlpybfkg,174,cpaawroq,663d68e807640657499d183b,World Wide Fund for Nature - UK (WWF),16.0,16.0,"['A', 'A', 'A', 'A', 'A', 'A', 'A', 'A', 'B', 'B', 'B', 'B', 'B', 'B', 'B', 'B']",[9],0,"['A', 'A', 'A', 'A', 'A', 'A', 'A', 'A', 'B', 'B', 'B', 'B', 'B', 'B', 'B', 'B']",[9],0,0.0,0,,"['ACPS', 'ASPC', 'ASPS', 'ACPC']"
2egrst8r,17,cpaawroq,5b3b9a7cb677660001d419c7,World Wide Fund for Nature - UK (WWF),12.0,8.0,"['A', 'A', 'A', 'A', 'A', 'A', 'B', 'B', 'B', 'B', 'B', 'B', 'B', 'B', 'B', 'B']",[7],0,"['A', 'A', 'A', 'A', 'B', 'B', 'B', 'B', 'B', 'B', 'B', 'B', 'B', 'B', 'B', 'B']",[5],0,0.0,0,1.0,"['ASPS', 'ASPC', 'ACPS', 'ACPC']"
kuvisdzs,154,cpaawroq,6627a20aa8091d046fb72612,Sea Shepherd (SS),16.0,10.0,"['A', 'A', 'A', 'A', 'A', 'A', 'A', 'A', 'B', 'B', 'B', 'B', 'B', 'B', 'B', 'B']",[9],0,"['A', 'A', 'A', 'A', 'A', 'B', 'B', 'B', 'B', 'B', 'B', 'B', 'B', 'B', 'B', 'B']",[6],0,0.0,0,,"['ACPC', 'ASPC', 'ASPS', 'ACPS']"
33hh6ldl,22,cpaawroq,5c93fb955193220012414557,Sea Shepherd (SS),20.0,10.0,"['A', 'A', 'A', 'A', 'A', 'A', 'A', 'A', 'A', 'A', 'B', 'B', 'B', 'B', 'B', 'B']",[11],0,"['A', 'A', 'A', 'A', 'A', 'B', 'B', 'B', 'B', 'B', 'B', 'B', 'B', 'B', 'B', 'B']",[6],0,0.0,0,,"['ACPC', 'ACPS', 'ASPS', 'ASPC']"
6g2oc6wo,43,cpaawroq,5ccb28d18da3dd0001c77395,World Wide Fund for Nature - UK (WWF),30.0,24.0,"['A', 'A', 'A', 'A', 'A', 'A', 'A', 'A', 'A', 'A', 'A', 'A', 'A', 'A', 'A', 'A']",[],1,"['A', 'A', 'A', 'A', 'A', 'A', 'A', 'A', 'A', 'A', 'A', 'A', 'B', 'B', 'B', 'B']",[13],0,0.0,0,,"['ASPC', 'ASPS', 'ACPS', 'ACPC']"
sba6onyh,224,cpaawroq,63f77df437de29d7fd62b0c8,World Wide Fund for Nature - UK (WWF),12.0,6.0,"['A', 'A', 'A', 'A', 'A', 'A', 'B', 'B', 'A', 'A', 'A', 'A', 'A', 'A', 'A', 'A']","[7, 9]",MSP,"['B', 'B', 'B', 'A', 'A', 'A', 'A', 'A', 'A', 'A', 'A', 'A', 'A', 'A', 'A', 'A']",[4],0,0.0,0,,"['ASPC', 'ACPC', 'ACPS', 'ASPS']"
yfyuoi8t,284,cpaawroq,60cfb1915f725d608d61e25e,The Nature Conservancy (NC),20.0,12.0,"['A', 'A', 'A', 'A', 'A', 'A', 'A', 'A', 'A', 'A', 'B', 'B', 'B', 'B', 'B', 'B']",[11],0,"['A', 'A', 'A', 'A', 'A', 'A', 'B', 'B', 'B', 'B', 'B', 'B', 'B', 'B', 'B', 'B']",[7],0,0.0,0,,"['ACPC', 'ASPS', 'ACPS', 'ASPC']"
07ihphh9,3,cpaawroq,5b93f7fc3dca6000012c64fd,World Wide Fund for Nature - UK (WWF),20.0,20.0,"['A', 'A', 'A', 'A', 'A', 'A', 'A', 'A', 'A', 'A', 'B', 'A', 'A', 'A', 'A', 'B']","[11, 12, 16]",MSP,"['A', 'A', 'A', 'A', 'A', 'A', 'A', 'A', 'A', 'A', 'B', 'B', 'B', 'B', 'B', 'B']",[11],0,0.0,0,,"['ACPS', 'ASPS', 'ASPC', 'ACPC']"
qjpfx7eh,199,cpaawroq,64046d48ba07f5be01ca438a,World Wide Fund for Nature - UK (WWF),14.0,10.0,"['A', 'A', 'A', 'A', 'A', 'A', 'A', 'B', 'B', 'B', 'B', 'B', 'B', 'B', 'B', 'B']",[8],0,"['A', 'A', 'A', 'A', 'A', 'B', 'B', 'B', 'B', 'B', 'B', 'B', 'B', 'B', 'B', 'B']",[6],0,0.0,0,,"['ACPC', 'ACPS', 'ASPC', 'ASPS']"
tlfwoen7,239,cpaawroq,5bcb80ed682ec100018b7f7e,Surfers Against Sewage (SAS),20.0,20.0,"['A', 'A', 'A', 'A', 'A', 'A', 'A', 'A', 'A', 'A', 'B', 'B', 'B', 'B', 'B', 'B']",[11],0,"['A', 'A', 'A', 'A', 'A', 'A', 'A', 'A', 'A', 'A', 'B', 'B', 'B', 'B', 'B', 'B']",[11],0,0.0,0,,"['ASPS', 'ASPC', 'ACPS', 'ACPC']"
seo33wt9,225,cpaawroq,63468d8c1547180266ca200c,World Wide Fund for Nature - UK (WWF),30.0,28.0,"['A', 'A', 'A', 'A', 'A', 'A', 'A', 'A', 'A', 'A', 'A', 'A', 'A', 'A', 'A', 'A']",[],1,"['A', 'A', 'A', 'A', 'A', 'A', 'A', 'A', 'A', 'A', 'A', 'A', 'A', 'A', 'B', 'B']",[15],0,0.0,0,,"['ASPS', 'ACPC', 'ASPC', 'ACPS']"
ndhoid4g,169,cpaawroq,65591041915ec1141afff803,World Wide Fund for Nature - UK (WWF),28.0,22.0,"['A', 'A', 'A', 'A', 'A', 'A', 'A', 'A', 'A', 'A', 'A', 'A', 'A', 'A', 'B', 'B']",[15],0,"['A', 'A', 'A', 'A', 'A', 'A', 'A', 'A', 'A', 'A', 'A', 'B', 'B', 'B', 'B', 'B']",[12],0,0.0,0,,"['ASPS', 'ACPC', 'ASPC', 'ACPS']"
fgl196c9,108,cpaawroq,63d199068514432413979693,Sea Shepherd (SS),18.0,10.0,"['A', 'A', 'A', 'A', 'A', 'A', 'A', 'A', 'A', 'B', 'B', 'B', 'B', 'B', 'B', 'B']",[10],0,"['A', 'A', 'A', 'A', 'A', 'B', 'B', 'B', 'B', 'B', 'B', 'B', 'B', 'B', 'B', 'B']",[6],0,0.0,0,,"['ASPS', 'ASPC', 'ACPC', 'ACPS']"
6sn6pz28,45,cpaawroq,5bd4f33c4b4f9e0001130cc5,World Wide Fund for Nature - UK (WWF),8.0,8.0,"['A', 'A', 'A', 'A', 'B', 'A', 'A', 'A', 'A', 'A', 'A', 'A', 'A', 'A', 'A', 'A']","[5, 6]",MSP,"['A', 'A', 'A', 'A', 'B', 'B', 'A', 'A', 'A', 'A', 'A', 'A', 'A', 'A', 'A', 'A']","[5, 7]",MSP,0.0,0,2.0,"['ACPS', 'ASPC', 'ACPC', 'ASPS']"
az9fs7zo,73,cpaawroq,663f621401b9747289dba74d,World Wide Fund for Nature - UK (WWF),20.0,16.0,"['A', 'A', 'A', 'A', 'A', 'A', 'A', 'A', 'A', 'A', 'B', 'B', 'B', 'B', 'B', 'B']",[11],0,"['A', 'A', 'A', 'A', 'A', 'A', 'A', 'A', 'B', 'B', 'B', 'B', 'B', 'B', 'B', 'B']",[9],0,0.0,0,,"['ASPC', 'ACPC', 'ACPS', 'ASPS']"
xek9cyqp,276,cpaawroq,60351d27ef48de148eff67f9,World Wide Fund for Nature - UK (WWF),16.0,10.0,"['A', 'A', 'A', 'A', 'A', 'A', 'A', 'A', 'B', 'B', 'B', 'B', 'B', 'B', 'B', 'B']",[9],0,"['A', 'A', 'A', 'A', 'A', 'B', 'B', 'B', 'B', 'B', 'B', 'B', 'B', 'B', 'B', 'B']",[6],0,0.0,0,,"['ASPC', 'ASPS', 'ACPS', 'ACPC']"
xwn7ec86,280,cpaawroq,5fa2e56fe794555527f2c8ef,The Nature Conservancy (NC),20.0,10.0,"['A', 'A', 'A', 'A', 'A', 'A', 'A', 'A', 'A', 'A', 'B', 'B', 'B', 'B', 'B', 'B']",[11],0,"['A', 'A', 'A', 'A', 'A', 'B', 'B', 'B', 'B', 'B', 'B', 'B', 'B', 'B', 'B', 'B']",[6],0,0.0,0,,"['ACPC', 'ACPS', 'ASPC', 'ASPS']"
pekcy1hi,186,cpaawroq,601318f9e356fc15bb3882b9,World Wide Fund for Nature - UK (WWF),30.0,30.0,"['A', 'A', 'A', 'A', 'A', 'A', 'A', 'A', 'A', 'A', 'A', 'A', 'A', 'A', 'A', 'B']",[16],0,"['A', 'A', 'A', 'A', 'A', 'A', 'A', 'A', 'A', 'A', 'A', 'A', 'A', 'A', 'A', 'B']",[16],0,0.0,0,,"['ACPC', 'ACPS', 'ASPS', 'ASPC']"
tes52279,238,cpaawroq,65b69bbec439f7549d7c6f00,Surfers Against Sewage (SAS),12.0,6.0,"['A', 'A', 'A', 'A', 'A', 'A', 'B', 'B', 'B', 'B', 'B', 'B', 'B', 'B', 'B', 'B']",[7],0,"['A', 'A', 'A', 'B', 'B', 'B', 'B', 'B', 'B', 'B', 'B', 'B', 'B', 'B', 'B', 'B']",[4],0,0.0,0,,"['ASPS', 'ASPC', 'ACPC', 'ACPS']"
yvcy6t09,290,cpaawroq,65a70fc9aab4ea031901f421,Sea Shepherd (SS),30.0,2.0,"['A', 'A', 'A', 'A', 'A', 'A', 'A', 'A', 'A', 'A', 'A', 'A', 'A', 'A', 'A', 'B']",[16],0,"['A', 'B', 'B', 'B', 'B', 'B', 'B', 'B', 'B', 'B', 'B', 'B', 'B', 'B', 'B', 'B']",[2],0,0.0,0,7.0,"['ASPC', 'ASPS', 'ACPS', 'ACPC']"
yonbypfw,286,cpaawroq,6413573d24d5fbfedfb3fefa,Sea Shepherd (SS),26.0,16.0,"['A', 'A', 'A', 'A', 'A', 'A', 'A', 'A', 'A', 'A', 'A', 'A', 'A', 'B', 'B', 'B']",[14],0,"['A', 'A', 'A', 'A', 'A', 'A', 'A', 'A', 'B', 'B', 'B', 'B', 'B', 'B', 'B', 'B']",[9],0,0.0,0,,"['ACPS', 'ACPC', 'ASPS', 'ASPC']"
0mqa817n,6,cpaawroq,5c2d2de8b1ae620001e05ea9,Sea Shepherd (SS),12.0,6.0,"['A', 'A', 'A', 'A', 'A', 'A', 'B', 'B', 'B', 'B', 'B', 'B', 'B', 'B', 'B', 'B']",[7],0,"['A', 'A', 'A', 'B', 'B', 'B', 'B', 'B', 'B', 'B', 'B', 'B', 'B', 'B', 'B', 'B']",[4],0,0.0,0,,"['ACPC', 'ASPC', 'ACPS', 'ASPS']"
w8z1x7hy,265,cpaawroq,603ce8db15614aaf5b15e0fe,Surfers Against Sewage (SAS),30.0,30.0,"['A', 'A', 'A', 'A', 'A', 'A', 'A', 'A', 'A', 'A', 'A', 'A', 'A', 'A', 'A', 'A']",[],1,"['A', 'A', 'A', 'A', 'A', 'A', 'A', 'A', 'A', 'A', 'A', 'A', 'A', 'A', 'A', 'A']",[],1,0.0,0,,"['ACPC', 'ACPS', 'ASPS', 'ASPC']"
0ojwtom8,7,cpaawroq,662fcd17b20d5b9c6118e801,World Wide Fund for Nature - UK (WWF),26.0,6.0,"['A', 'A', 'A', 'A', 'A', 'A', 'A', 'A', 'A', 'A', 'A', 'A', 'A', 'B', 'B', 'B']",[14],0,"['A', 'A', 'A', 'B', 'B', 'B', 'B', 'B', 'B', 'B', 'B', 'B', 'B', 'B', 'B', 'B']",[4],0,0.0,0,,"['ACPS', 'ASPC', 'ASPS', 'ACPC']"
z8mqazs5,295,cpaawroq,60fc50b86b35094f5e5cd284,Sea Shepherd (SS),30.0,30.0,"['A', 'A', 'A', 'A', 'A', 'A', 'A', 'A', 'A', 'A', 'A', 'A', 'A', 'A', 'A', 'A']",[],1,"['A', 'A', 'A', 'A', 'A', 'A', 'A', 'A', 'A', 'A', 'A', 'A', 'A', 'A', 'A', 'A']",[],1,0.0,0,,"['ACPS', 'ASPS', 'ASPC', 'ACPC']"
ej2ycht7,100,cpaawroq,5be742dd0e366e000175c8ba,Surfers Against Sewage (SAS),16.0,22.0,"['A', 'A', 'A', 'A', 'A', 'A', 'A', 'A', 'B', 'B', 'B', 'B', 'B', 'B', 'B', 'B']",[9],0,"['A', 'A', 'A', 'A', 'A', 'A', 'A', 'A', 'A', 'A', 'A', 'B', 'B', 'B', 'B', 'B']",[12],0,0.0,1,,"['ASPS', 'ACPS', 'ACPC', 'ASPC']"
pnif3omw,191,cpaawroq,6638d846ed355b7ec3bd43d7,The Nature Conservancy (NC),18.0,12.0,"['A', 'A', 'A', 'A', 'A', 'A', 'A', 'A', 'A', 'B', 'B', 'A', 'A', 'B', 'B', 'B']","[10, 12, 14]",MSP,"['A', 'A', 'A', 'A', 'A', 'A', 'B', 'B', 'B', 'B', 'B', 'A', 'A', 'B', 'B', 'B']","[7, 12, 14]",MSP,0.0,0,9.0,"['ASPS', 'ASPC', 'ACPS', 'ACPC']"
z47n58xm,293,cpaawroq,656f3c80f7ac5f41e230b9ee,Sea Shepherd (SS),2.0,2.0,"['A', 'B', 'B', 'B', 'B', 'A', 'A', 'A', 'A', 'A', 'A', 'A', 'A', 'A', 'A', 'A']","[2, 6]",MSP,"['A', 'B', 'B', 'B', 'B', 'B', 'A', 'A', 'A', 'A', 'A', 'A', 'A', 'A', 'A', 'A']","[2, 7]",MSP,0.0,0,,"['ASPC', 'ACPS', 'ACPC', 'ASPS']"
q74etdzr,196,cpaawroq,60ef556c18ea57549dd70887,World Wide Fund for Nature - UK (WWF),20.0,20.0,"['A', 'A', 'A', 'A', 'A', 'A', 'A', 'A', 'A', 'A', 'B', 'B', 'B', 'B', 'B', 'B']",[11],0,"['A', 'A', 'A', 'A', 'A', 'A', 'A', 'A', 'A', 'A', 'B', 'B', 'B', 'B', 'B', 'B']",[11],0,0.0,0,,"['ACPS', 'ASPC', 'ACPC', 'ASPS']"
i78qswmb,131,cpaawroq,58eb9b26b0ddf800010dc8bd,World Wide Fund for Nature - UK (WWF),26.0,16.0,"['A', 'A', 'A', 'A', 'A', 'A', 'A', 'A', 'A', 'A', 'A', 'A', 'A', 'B', 'B', 'B']",[14],0,"['A', 'A', 'A', 'A', 'A', 'A', 'A', 'A', 'B', 'B', 'B', 'B', 'B', 'B', 'B', 'B']",[9],0,0.0,0,,"['ASPS', 'ACPS', 'ASPC', 'ACPC']"
2ypfygg2,20,cpaawroq,663a4b68de38c8b1770a1bcc,Sea Shepherd (SS),20.0,12.0,"['A', 'A', 'A', 'A', 'A', 'A', 'A', 'A', 'A', 'A', 'B', 'B', 'B', 'B', 'B', 'B']",[11],0,"['A', 'A', 'A', 'A', 'A', 'A', 'B', 'B', 'B', 'B', 'B', 'B', 'B', 'B', 'B', 'B']",[7],0,0.0,0,,"['ACPC', 'ASPS', 'ACPS', 'ASPC']"
tp53s6oz,242,cpaawroq,637e29088540d015a96fb15e,World Wide Fund for Nature - UK (WWF),24.0,14.0,"['A', 'A', 'A', 'A', 'A', 'A', 'A', 'A', 'A', 'A', 'A', 'A', 'B', 'B', 'B', 'B']",[13],0,"['A', 'A', 'A', 'A', 'A', 'A', 'A', 'B', 'B', 'B', 'B', 'B', 'B', 'B', 'B', 'B']",[8],0,0.0,0,,"['ACPS', 'ACPC', 'ASPC', 'ASPS']"
t2bf7td3,231,cpaawroq,61432781817c1541f59bbf33,World Wide Fund for Nature - UK (WWF),26.0,16.0,"['A', 'A', 'A', 'A', 'A', 'A', 'A', 'A', 'A', 'A', 'A', 'A', 'A', 'B', 'B', 'B']",[14],0,"['A', 'A', 'A', 'A', 'A', 'A', 'A', 'A', 'B', 'B', 'B', 'B', 'B', 'B', 'B', 'B']",[9],0,0.0,0,,"['ASPC', 'ASPS', 'ACPS', 'ACPC']"
tab3r77v,236,cpaawroq,60d4f7b4e287729cf50f64c8,Sea Shepherd (SS),16.0,20.0,"['A', 'A', 'A', 'A', 'A', 'A', 'A', 'A', 'B', 'B', 'B', 'B', 'B', 'B', 'B', 'B']",[9],0,"['A', 'A', 'A', 'A', 'A', 'A', 'A', 'A', 'A', 'A', 'B', 'B', 'B', 'B', 'B', 'B']",[11],0,0.0,1,,"['ACPS', 'ASPS', 'ASPC', 'ACPC']"
vbtzhlnf,257,cpaawroq,663d5af9fcd854c5ac3d70e0,GreenPeace - UK (GP),12.0,6.0,"['A', 'A', 'A', 'A', 'A', 'A', 'B', 'B', 'B', 'B', 'B', 'B', 'B', 'B', 'B', 'B']",[7],0,"['A', 'A', 'A', 'B', 'B', 'B', 'B', 'B', 'B', 'B', 'B', 'B', 'B', 'B', 'B', 'B']",[4],0,0.0,0,,"['ASPS', 'ASPC', 'ACPC', 'ACPS']"
jmd4h7sc,140,cpaawroq,63ea4924c291a7aaf2a382e8,World Wide Fund for Nature - UK (WWF),30.0,30.0,"['A', 'A', 'A', 'A', 'A', 'A', 'A', 'A', 'A', 'A', 'A', 'A', 'A', 'A', 'A', 'B']",[16],0,"['A', 'A', 'A', 'A', 'A', 'A', 'A', 'A', 'A', 'A', 'A', 'A', 'A', 'A', 'A', 'B']",[16],0,0.0,0,,"['ASPC', 'ACPS', 'ACPC', 'ASPS']"
r8dribpq,210,cpaawroq,6623f68a31b62c81444079c8,World Wide Fund for Nature - UK (WWF),2.0,10.0,"['A', 'B', 'B', 'B', 'A', 'B', 'A', 'B', 'B', 'A', 'B', 'A', 'A', 'B', 'B', 'A']","[2, 5, 6, 7, 8, 10, 11, 12, 14, 16]",MSP,"['B', 'B', 'B', 'B', 'B', 'A', 'B', 'B', 'B', 'A', 'B', 'A', 'A', 'A', 'B', 'B']","[6, 7, 10, 11, 12, 15]",MSP,0.0,1,28.0,"['ACPS', 'ASPS', 'ACPC', 'ASPC']"
mhvf0gs8,166,cpaawroq,628556bcf5ea3ef851de9fed,GreenPeace - UK (GP),30.0,22.0,"['A', 'A', 'A', 'A', 'A', 'A', 'A', 'A', 'A', 'A', 'A', 'A', 'A', 'A', 'A', 'A']",[],1,"['A', 'A', 'A', 'A', 'A', 'A', 'A', 'A', 'A', 'A', 'A', 'B', 'B', 'B', 'B', 'B']",[12],0,0.0,0,,"['ASPS', 'ACPS', 'ACPC', 'ASPC']"
t4q9b64h,234,cpaawroq,5e989d242e0de609ac479125,World Wide Fund for Nature - UK (WWF),30.0,10.0,"['A', 'A', 'A', 'A', 'A', 'A', 'A', 'A', 'A', 'A', 'A', 'A', 'A', 'A', 'A', 'A']",[],1,"['A', 'A', 'A', 'A', 'A', 'B', 'B', 'B', 'B', 'B', 'B', 'B', 'B', 'B', 'B', 'B']",[6],0,0.0,0,,"['ASPS', 'ASPC', 'ACPC', 'ACPS']"
yf2cumq1,283,cpaawroq,5e93641d8028056ac36b16d9,World Wide Fund for Nature - UK (WWF),30.0,30.0,"['A', 'A', 'A', 'A', 'A', 'A', 'A', 'A', 'A', 'A', 'A', 'A', 'A', 'A', 'A', 'A']",[],1,"['A', 'A', 'A', 'A', 'A', 'A', 'A', 'A', 'A', 'A', 'A', 'A', 'A', 'A', 'A', 'A']",[],1,0.0,0,,"['ACPS', 'ASPS', 'ASPC', 'ACPC']"
f5imoula,104,rmwpevci,5cd8129d6834a6000146c08b,Sea Shepherd (SS),26.0,10.0,"['A', 'A', 'A', 'A', 'A', 'A', 'A', 'A', 'A', 'A', 'A', 'A', 'A', 'B', 'B', 'B']",[14],0,"['A', 'A', 'A', 'A', 'A', 'B', 'B', 'B', 'B', 'B', 'B', 'B', 'B', 'B', 'B', 'B']",[6],0,0.0,0,11.0,"['ACPC', 'ACPS', 'ASPS', 'ASPC']"
4dh0tl2e,30,rmwpevci,6075ecc30e7921c183644eaa,World Wide Fund for Nature - UK (WWF),12.0,8.0,"['A', 'A', 'A', 'A', 'A', 'A', 'B', 'B', 'B', 'B', 'B', 'B', 'B', 'B', 'B', 'B']",[7],0,"['A', 'A', 'A', 'A', 'B', 'B', 'B', 'B', 'B', 'B', 'B', 'B', 'B', 'B', 'B', 'B']",[5],0,0.0,0,,"['ACPS', 'ACPC', 'ASPC', 'ASPS']"
gugomffe,117,rmwpevci,60fd7e00d473aab9ce3a8b39,World Wide Fund for Nature - UK (WWF),6.0,6.0,"['A', 'A', 'A', 'B', 'B', 'B', 'B', 'B', 'B', 'B', 'B', 'B', 'B', 'B', 'B', 'B']",[4],0,"['A', 'A', 'A', 'B', 'B', 'B', 'B', 'B', 'B', 'B', 'B', 'B', 'B', 'B', 'B', 'B']",[4],0,0.0,0,,"['ASPC', 'ASPS', 'ACPC', 'ACPS']"
wliwo9wx,269,rmwpevci,5f97ac99334d0617de9988eb,World Wide Fund for Nature - UK (WWF),20.0,10.0,"['A', 'A', 'A', 'A', 'A', 'A', 'A', 'A', 'A', 'A', 'B', 'B', 'B', 'B', 'B', 'B']",[11],0,"['A', 'A', 'A', 'A', 'A', 'B', 'B', 'B', 'B', 'B', 'B', 'B', 'B', 'B', 'B', 'B']",[6],0,0.0,0,,"['ASPC', 'ASPS', 'ACPS', 'ACPC']"
t43pntyt,233,rmwpevci,5f2788ddf5b51d1407d074b5,World Wide Fund for Nature - UK (WWF),18.0,12.0,"['A', 'A', 'A', 'A', 'A', 'A', 'A', 'A', 'A', 'B', 'B', 'B', 'B', 'B', 'B', 'B']",[10],0,"['A', 'A', 'A', 'A', 'A', 'A', 'B', 'B', 'B', 'B', 'B', 'B', 'B', 'B', 'B', 'B']",[7],0,0.0,0,,"['ASPC', 'ASPS', 'ACPS', 'ACPC']"
h1qwm1w8,120,rmwpevci,5eef9a35dc23a40a1cfc9c35,Sea Shepherd (SS),16.0,12.0,"['A', 'A', 'A', 'A', 'A', 'A', 'A', 'A', 'B', 'B', 'B', 'B', 'B', 'B', 'B', 'B']",[9],0,"['A', 'A', 'A', 'A', 'A', 'A', 'B', 'B', 'B', 'B', 'B', 'B', 'B', 'B', 'B', 'B']",[7],0,0.0,0,,"['ASPC', 'ACPC', 'ACPS', 'ASPS']"
x0x5d5d9,272,rmwpevci,65802f497b769e78c1b9517b,World Wide Fund for Nature - UK (WWF),10.0,6.0,"['A', 'A', 'A', 'A', 'A', 'B', 'B', 'B', 'B', 'B', 'B', 'B', 'B', 'B', 'B', 'B']",[6],0,"['A', 'A', 'A', 'B', 'B', 'B', 'B', 'B', 'B', 'B', 'B', 'B', 'B', 'B', 'B', 'B']",[4],0,0.0,0,,"['ASPS', 'ACPS', 'ACPC', 'ASPC']"
sb93jd7b,223,rmwpevci,64ef38dfb25f98f3bbaa19ba,Sea Shepherd (SS),30.0,26.0,"['A', 'A', 'A', 'A', 'A', 'A', 'A', 'A', 'A', 'A', 'A', 'A', 'A', 'A', 'A', 'B']",[16],0,"['A', 'A', 'A', 'A', 'A', 'A', 'A', 'A', 'A', 'A', 'A', 'A', 'A', 'B', 'B', 'B']",[14],0,0.0,0,,"['ACPC', 'ASPS', 'ACPS', 'ASPC']"
l8abs1rx,159,rmwpevci,6306710aa6766730321f1259,World Wide Fund for Nature - UK (WWF),20.0,12.0,"['A', 'A', 'A', 'A', 'A', 'A', 'A', 'A', 'A', 'A', 'B', 'B', 'B', 'B', 'B', 'B']",[11],0,"['A', 'A', 'A', 'A', 'A', 'A', 'B', 'B', 'B', 'B', 'B', 'B', 'B', 'B', 'B', 'B']",[7],0,0.0,0,,"['ACPS', 'ASPC', 'ASPS', 'ACPC']"
mad6xs2q,164,rmwpevci,611144a74cda343b3f077ff5,Sea Shepherd (SS),10.0,12.0,"['A', 'A', 'A', 'A', 'A', 'B', 'B', 'B', 'B', 'B', 'B', 'B', 'B', 'B', 'B', 'B']",[6],0,"['A', 'A', 'A', 'A', 'A', 'A', 'B', 'B', 'B', 'B', 'B', 'B', 'B', 'B', 'B', 'B']",[7],0,0.0,1,,"['ACPC', 'ACPS', 'ASPS', 'ASPC']"
l15zyjqi,157,rmwpevci,60d6114c27eac40fca3fccea,Sea Shepherd (SS),14.0,6.0,"['A', 'A', 'A', 'A', 'A', 'A', 'A', 'B', 'B', 'B', 'B', 'B', 'B', 'B', 'B', 'B']",[8],0,"['A', 'A', 'A', 'B', 'B', 'B', 'B', 'B', 'B', 'B', 'B', 'B', 'B', 'B', 'B', 'B']",[4],0,0.0,0,,"['ASPS', 'ACPS', 'ACPC', 'ASPC']"
wn7nh2cx,270,rmwpevci,65dc7bb0530a30a348973b3e,World Wide Fund for Nature - UK (WWF),30.0,20.0,"['A', 'A', 'A', 'A', 'A', 'A', 'A', 'A', 'A', 'A', 'A', 'A', 'A', 'A', 'A', 'B']",[16],0,"['A', 'A', 'A', 'A', 'A', 'A', 'A', 'A', 'A', 'A', 'B', 'B', 'B', 'B', 'B', 'B']",[11],0,0.0,0,,"['ACPC', 'ASPS', 'ACPS', 'ASPC']"
6jwa4yg3,44,rmwpevci,60d075b6af3d46debaf3cfd8,Sea Shepherd (SS),10.0,6.0,"['A', 'A', 'A', 'A', 'A', 'B', 'B', 'B', 'B', 'B', 'B', 'B', 'B', 'B', 'B', 'B']",[6],0,"['A', 'A', 'A', 'B', 'B', 'B', 'B', 'B', 'B', 'B', 'B', 'B', 'B', 'B', 'B', 'B']",[4],0,0.0,0,6.0,"['ACPS', 'ASPC', 'ACPC', 'ASPS']"
crxwfi6m,87,rmwpevci,663b7efea7564a566c82cac4,World Wide Fund for Nature - UK (WWF),10.0,6.0,"['A', 'A', 'A', 'A', 'A', 'B', 'B', 'B', 'B', 'B', 'B', 'B', 'B', 'B', 'B', 'B']",[6],0,"['A', 'A', 'A', 'B', 'B', 'B', 'B', 'B', 'B', 'B', 'B', 'B', 'B', 'B', 'B', 'B']",[4],0,0.0,0,5.0,"['ASPS', 'ASPC', 'ACPS', 'ACPC']"
1votfozx,15,rmwpevci,63f77d3124200f797c299213,GreenPeace - UK (GP),22.0,12.0,"['A', 'A', 'A', 'A', 'A', 'A', 'A', 'A', 'A', 'A', 'A', 'B', 'B', 'B', 'B', 'B']",[12],0,"['A', 'A', 'A', 'A', 'A', 'A', 'B', 'B', 'B', 'B', 'B', 'B', 'B', 'B', 'B', 'B']",[7],0,0.0,0,,"['ACPC', 'ASPC', 'ACPS', 'ASPS']"
hf0nnsi3,123,rmwpevci,6416533bd4ee6639c3df6040,World Wide Fund for Nature - UK (WWF),30.0,22.0,"['A', 'A', 'A', 'A', 'A', 'A', 'A', 'A', 'A', 'A', 'A', 'A', 'A', 'A', 'A', 'A']",[],1,"['A', 'A', 'A', 'A', 'A', 'A', 'A', 'A', 'A', 'A', 'A', 'B', 'B', 'B', 'B', 'B']",[12],0,0.0,0,,"['ACPS', 'ASPS', 'ACPC', 'ASPC']"
o8svub7p,178,rmwpevci,5b7c56558c624800019ae89e,World Wide Fund for Nature - UK (WWF),26.0,22.0,"['A', 'A', 'A', 'A', 'A', 'A', 'A', 'A', 'A', 'A', 'A', 'A', 'A', 'B', 'B', 'B']",[14],0,"['A', 'A', 'A', 'A', 'A', 'A', 'A', 'A', 'A', 'A', 'A', 'B', 'B', 'B', 'B', 'B']",[12],0,0.0,0,,"['ACPC', 'ASPS', 'ASPC', 'ACPS']"
sizqpyj7,227,rmwpevci,629752e2c9be0a6a51ad59f4,GreenPeace - UK (GP),20.0,20.0,"['A', 'A', 'A', 'A', 'A', 'A', 'A', 'A', 'A', 'A', 'B', 'B', 'B', 'B', 'B', 'B']",[11],0,"['A', 'A', 'A', 'A', 'A', 'A', 'A', 'A', 'A', 'A', 'B', 'B', 'B', 'B', 'B', 'B']",[11],0,0.0,0,,"['ACPC', 'ASPC', 'ACPS', 'ASPS']"
m8yxq1cj,163,rmwpevci,5f83a366f29b4217a0dd1405,GreenPeace - UK (GP),20.0,10.0,"['A', 'A', 'A', 'A', 'A', 'A', 'A', 'A', 'A', 'A', 'B', 'B', 'B', 'B', 'B', 'B']",[11],0,"['A', 'A', 'A', 'A', 'A', 'B', 'B', 'B', 'B', 'B', 'B', 'B', 'B', 'B', 'B', 'B']",[6],0,0.0,0,,"['ASPS', 'ACPS', 'ASPC', 'ACPC']"
r7nfdhyq,209,rmwpevci,5813fc6c3b65a80001c0aca8,Surfers Against Sewage (SAS),26.0,20.0,"['A', 'A', 'A', 'A', 'A', 'A', 'A', 'A', 'A', 'A', 'A', 'A', 'A', 'B', 'B', 'B']",[14],0,"['A', 'A', 'A', 'A', 'A', 'A', 'A', 'A', 'A', 'A', 'B', 'B', 'B', 'B', 'B', 'B']",[11],0,0.0,0,,"['ACPC', 'ASPS', 'ACPS', 'ASPC']"
c64d4q66,80,rmwpevci,5f21ae6eef21ae5c8becdea7,World Wide Fund for Nature - UK (WWF),10.0,6.0,"['A', 'A', 'A', 'A', 'A', 'B', 'B', 'B', 'B', 'B', 'B', 'B', 'B', 'B', 'B', 'B']",[6],0,"['A', 'A', 'A', 'B', 'B', 'B', 'B', 'B', 'B', 'B', 'B', 'B', 'B', 'B', 'B', 'B']",[4],0,0.0,0,,"['ASPC', 'ASPS', 'ACPC', 'ACPS']"
zclue73y,297,rmwpevci,608fef0be7832b05dfd9d56d,World Wide Fund for Nature - UK (WWF),20.0,10.0,"['A', 'A', 'A', 'A', 'A', 'A', 'A', 'A', 'A', 'A', 'B', 'B', 'B', 'B', 'B', 'B']",[11],0,"['A', 'A', 'A', 'A', 'A', 'B', 'B', 'B', 'B', 'B', 'B', 'B', 'B', 'B', 'B', 'B']",[6],0,0.0,0,,"['ACPC', 'ACPS', 'ASPC', 'ASPS']"
z93in6yb,296,rmwpevci,60a9610cae689e66af400f01,World Wide Fund for Nature - UK (WWF),22.0,16.0,"['A', 'A', 'A', 'A', 'A', 'A', 'A', 'A', 'A', 'A', 'A', 'B', 'B', 'B', 'B', 'B']",[12],0,"['A', 'A', 'A', 'A', 'A', 'A', 'A', 'A', 'B', 'B', 'B', 'B', 'B', 'B', 'B', 'B']",[9],0,0.0,0,,"['ACPS', 'ASPC', 'ACPC', 'ASPS']"
wd8g2vfm,267,rmwpevci,5e9b959c77f86e0a8314b0e8,World Wide Fund for Nature - UK (WWF),18.0,12.0,"['A', 'A', 'A', 'A', 'A', 'A', 'A', 'A', 'A', 'B', 'B', 'B', 'B', 'B', 'B', 'B']",[10],0,"['A', 'A', 'A', 'A', 'A', 'A', 'B', 'B', 'B', 'B', 'B', 'B', 'B', 'B', 'B', 'B']",[7],0,0.0,0,,"['ASPC', 'ACPC', 'ASPS', 'ACPS']"
67dpkmo4,41,z680bwcy,5ef77e1ecf5fa4499c13bfbf,GreenPeace - UK (GP),16.0,12.0,"['A', 'A', 'A', 'A', 'A', 'A', 'A', 'A', 'B', 'B', 'B', 'B', 'B', 'B', 'B', 'B']",[9],0,"['A', 'A', 'A', 'A', 'A', 'A', 'B', 'B', 'B', 'B', 'B', 'B', 'B', 'B', 'B', 'B']",[7],0,0.0,0,1.0,"['ACPC', 'ACPS', 'ASPC', 'ASPS']"
x7ytfrah,274,z680bwcy,668bbd86eb84b656cedf1271,World Wide Fund for Nature - UK (WWF),20.0,12.0,"['A', 'A', 'A', 'A', 'A', 'A', 'A', 'A', 'A', 'A', 'B', 'B', 'B', 'B', 'B', 'B']",[11],0,"['A', 'A', 'A', 'A', 'A', 'A', 'B', 'B', 'B', 'B', 'B', 'B', 'B', 'B', 'B', 'B']",[7],0,0.0,0,,"['ASPS', 'ACPS', 'ACPC', 'ASPC']"
aq1vpiyj,69,z680bwcy,63d8315e4de81b4e1add83d3,GreenPeace - UK (GP),20.0,16.0,"['A', 'A', 'A', 'A', 'A', 'A', 'A', 'A', 'A', 'A', 'B', 'B', 'B', 'B', 'B', 'B']",[11],0,"['A', 'A', 'A', 'A', 'A', 'A', 'A', 'A', 'B', 'B', 'B', 'B', 'B', 'B', 'B', 'B']",[9],0,0.0,0,,"['ACPS', 'ASPS', 'ACPC', 'ASPC']"
kdsi3dq9,148,z680bwcy,5db377e194f0e7000f3766e3,GreenPeace - UK (GP),12.0,8.0,"['A', 'A', 'A', 'A', 'A', 'A', 'B', 'B', 'B', 'B', 'B', 'B', 'B', 'B', 'B', 'B']",[7],0,"['A', 'A', 'A', 'A', 'B', 'B', 'B', 'B', 'B', 'B', 'B', 'B', 'B', 'B', 'B', 'B']",[5],0,0.0,0,2.0,"['ACPC', 'ASPS', 'ASPC', 'ACPS']"
0z1p4xc6,8,z680bwcy,657b1ac8f219aa9a6748e296,Sea Shepherd (SS),2.0,6.0,"['A', 'B', 'B', 'A', 'B', 'A', 'A', 'A', 'B', 'A', 'B', 'A', 'B', 'A', 'B', 'B']","[2, 4, 5, 6, 9, 10, 11, 12, 13, 14, 15]",MSP,"['A', 'A', 'A', 'B', 'A', 'B', 'B', 'A', 'A', 'B', 'B', 'B', 'A', 'B', 'B', 'B']","[4, 5, 6, 8, 10, 13, 14]",MSP,0.0,1,3.0,"['ASPS', 'ACPS', 'ACPC', 'ASPC']"
k6e2t4ft,146,z680bwcy,667bd8ea31edbc9d2622cde0,World Wide Fund for Nature - UK (WWF),14.0,12.0,"['A', 'A', 'A', 'A', 'A', 'A', 'A', 'B', 'B', 'B', 'B', 'B', 'B', 'B', 'B', 'B']",[8],0,"['A', 'A', 'A', 'A', 'A', 'A', 'B', 'B', 'B', 'B', 'B', 'B', 'B', 'B', 'B', 'B']",[7],0,0.0,0,,"['ASPC', 'ASPS', 'ACPC', 'ACPS']"
gc2v2yjh,114,z680bwcy,615b1c5e45b80aa2a1576c72,World Wide Fund for Nature - UK (WWF),10.0,6.0,"['A', 'A', 'A', 'A', 'A', 'B', 'B', 'B', 'B', 'B', 'B', 'B', 'B', 'B', 'B', 'B']",[6],0,"['A', 'A', 'A', 'B', 'B', 'B', 'B', 'B', 'B', 'B', 'B', 'B', 'B', 'B', 'B', 'B']",[4],0,0.0,0,,"['ASPC', 'ASPS', 'ACPC', 'ACPS']"
ri50l36o,212,z680bwcy,66620e4c40c0a0a75437b0ae,World Wide Fund for Nature - UK (WWF),10.0,6.0,"['A', 'A', 'A', 'A', 'A', 'B', 'B', 'B', 'B', 'B', 'B', 'B', 'B', 'B', 'B', 'B']",[6],0,"['A', 'A', 'A', 'B', 'B', 'B', 'B', 'B', 'B', 'B', 'B', 'B', 'B', 'B', 'B', 'B']",[4],0,0.0,0,1.0,"['ACPC', 'ACPS', 'ASPS', 'ASPC']"
yucmy5gd,289,z680bwcy,66803ef2ab5778aa6bb12ea5,World Wide Fund for Nature - UK (WWF),30.0,24.0,"['A', 'A', 'A', 'A', 'A', 'A', 'A', 'A', 'A', 'A', 'A', 'A', 'A', 'A', 'A', 'A']",[],1,"['A', 'A', 'A', 'A', 'A', 'A', 'A', 'A', 'A', 'A', 'A', 'A', 'B', 'B', 'B', 'B']",[13],0,0.0,0,,"['ACPS', 'ASPS', 'ACPC', 'ASPC']"
yy6j8y56,291,z680bwcy,5b8bd52abca3400001fadce4,Surfers Against Sewage (SAS),12.0,8.0,"['A', 'A', 'A', 'A', 'A', 'A', 'B', 'B', 'B', 'B', 'B', 'B', 'B', 'B', 'B', 'B']",[7],0,"['A', 'A', 'A', 'A', 'B', 'B', 'B', 'B', 'B', 'B', 'B', 'B', 'B', 'B', 'B', 'B']",[5],0,0.0,0,,"['ACPS', 'ASPC', 'ASPS', 'ACPC']"
s678mo1z,220,z680bwcy,663a2a961b267607be722eba,World Wide Fund for Nature - UK (WWF),20.0,12.0,"['A', 'A', 'A', 'A', 'A', 'A', 'A', 'A', 'A', 'A', 'B', 'B', 'B', 'B', 'B', 'B']",[11],0,"['A', 'A', 'A', 'A', 'A', 'A', 'B', 'B', 'B', 'B', 'B', 'B', 'B', 'B', 'B', 'B']",[7],0,0.0,0,,"['ASPS', 'ACPC', 'ASPC', 'ACPS']"
8y00y2mh,59,z680bwcy,63d79c120d736e870e993b8c,World Wide Fund for Nature - UK (WWF),30.0,30.0,"['A', 'A', 'A', 'A', 'A', 'A', 'A', 'A', 'A', 'A', 'A', 'A', 'A', 'A', 'A', 'B']",[16],0,"['A', 'A', 'A', 'A', 'A', 'A', 'A', 'A', 'A', 'A', 'A', 'A', 'A', 'A', 'A', 'B']",[16],0,0.0,0,,"['ACPS', 'ASPC', 'ACPC', 'ASPS']"
jrso6dys,142,z680bwcy,5e4c1928f6829605fd644ebb,World Wide Fund for Nature - UK (WWF),22.0,14.0,"['A', 'A', 'A', 'A', 'A', 'A', 'A', 'A', 'A', 'A', 'A', 'B', 'B', 'B', 'B', 'B']",[12],0,"['A', 'A', 'A', 'A', 'A', 'A', 'A', 'B', 'B', 'B', 'B', 'B', 'B', 'B', 'B', 'B']",[8],0,0.0,0,,"['ACPC', 'ASPC', 'ASPS', 'ACPS']"
tu4c2ily,245,z680bwcy,665b2bbc57546a49a3fcd626,GreenPeace - UK (GP),20.0,20.0,"['A', 'A', 'A', 'A', 'A', 'A', 'A', 'A', 'A', 'A', 'B', 'B', 'B', 'B', 'B', 'B']",[11],0,"['A', 'A', 'A', 'A', 'A', 'A', 'A', 'A', 'A', 'A', 'B', 'B', 'B', 'B', 'B', 'B']",[11],0,0.0,0,,"['ASPS', 'ACPS', 'ACPC', 'ASPC']"
h9716m5x,121,z680bwcy,6658d2982faf93a372286bab,World Wide Fund for Nature - UK (WWF),16.0,14.0,"['A', 'A', 'A', 'A', 'A', 'A', 'A', 'A', 'B', 'B', 'B', 'B', 'B', 'B', 'B', 'B']",[9],0,"['A', 'A', 'A', 'A', 'A', 'A', 'A', 'B', 'B', 'B', 'B', 'B', 'B', 'B', 'B', 'B']",[8],0,0.0,0,4.0,"['ACPC', 'ASPS', 'ASPC', 'ACPS']"
6t39l7q4,46,z680bwcy,60ecac6455f17d8d14077e43,Surfers Against Sewage (SAS),8.0,4.0,"['A', 'A', 'A', 'A', 'B', 'B', 'B', 'B', 'B', 'B', 'B', 'B', 'B', 'B', 'B', 'B']",[5],0,"['A', 'A', 'B', 'B', 'B', 'B', 'B', 'B', 'B', 'B', 'B', 'B', 'B', 'B', 'B', 'B']",[3],0,0.0,0,,"['ASPC', 'ACPC', 'ACPS', 'ASPS']"
ar8t6lh9,70,z680bwcy,6675ae7b36ebeeb1e2fde2a0,World Wide Fund for Nature - UK (WWF),22.0,20.0,"['A', 'A', 'A', 'A', 'A', 'A', 'A', 'A', 'A', 'A', 'A', 'B', 'B', 'B', 'B', 'B']",[12],0,"['A', 'A', 'A', 'A', 'A', 'A', 'A', 'A', 'A', 'A', 'B', 'B', 'B', 'B', 'B', 'B']",[11],0,0.0,0,,"['ACPS', 'ASPC', 'ASPS', 'ACPC']"
2m8s3d53,18,z680bwcy,66854caca8e9c862c3a141e8,World Wide Fund for Nature - UK (WWF),22.0,20.0,"['A', 'A', 'A', 'A', 'A', 'A', 'A', 'A', 'A', 'A', 'A', 'B', 'B', 'B', 'B', 'B']",[12],0,"['A', 'A', 'A', 'A', 'A', 'A', 'A', 'A', 'A', 'A', 'B', 'B', 'B', 'B', 'B', 'B']",[11],0,0.0,0,,"['ASPC', 'ACPS', 'ACPC', 'ASPS']"
gomdyrjt,116,z680bwcy,668bfc03a3529d7791c62b19,World Wide Fund for Nature - UK (WWF),30.0,30.0,"['A', 'A', 'A', 'A', 'A', 'A', 'A', 'A', 'A', 'A', 'A', 'A', 'A', 'A', 'A', 'A']",[],1,"['A', 'A', 'A', 'A', 'A', 'A', 'A', 'A', 'A', 'A', 'A', 'A', 'A', 'A', 'A', 'A']",[],1,0.0,0,,"['ACPC', 'ASPS', 'ASPC', 'ACPS']"
4hbmm99n,32,z680bwcy,6361897cbc4114b6a919fcf9,The Nature Conservancy (NC),30.0,30.0,"['A', 'A', 'A', 'A', 'A', 'A', 'A', 'A', 'A', 'A', 'A', 'A', 'A', 'A', 'A', 'A']",[],1,"['A', 'A', 'A', 'A', 'A', 'A', 'A', 'A', 'A', 'A', 'A', 'A', 'A', 'A', 'A', 'A']",[],1,0.0,0,,"['ASPC', 'ACPS', 'ACPC', 'ASPS']"
7pn2buqr,54,z680bwcy,63d3f940fcdb352e6bfd9715,World Wide Fund for Nature - UK (WWF),20.0,12.0,"['A', 'A', 'A', 'A', 'A', 'A', 'A', 'A', 'A', 'A', 'B', 'B', 'B', 'B', 'B', 'B']",[11],0,"['A', 'A', 'A', 'A', 'A', 'A', 'B', 'B', 'B', 'B', 'B', 'B', 'B', 'B', 'B', 'B']",[7],0,0.0,0,,"['ACPS', 'ASPC', 'ACPC', 'ASPS']"
ri9ddhpd,213,z680bwcy,5bfed68b7f1cfd0001d3a16b,Surfers Against Sewage (SAS),20.0,16.0,"['A', 'A', 'A', 'A', 'A', 'A', 'A', 'A', 'A', 'A', 'B', 'B', 'B', 'B', 'B', 'B']",[11],0,"['A', 'A', 'A', 'A', 'A', 'A', 'A', 'A', 'B', 'B', 'B', 'B', 'B', 'B', 'B', 'B']",[9],0,0.0,0,,"['ACPC', 'ASPC', 'ASPS', 'ACPS']"
qu4fr8kh,204,z680bwcy,6155dc72da2084bd9ba141ea,Sea Shepherd (SS),30.0,30.0,"['A', 'A', 'A', 'A', 'A', 'A', 'A', 'A', 'A', 'A', 'A', 'A', 'A', 'A', 'A', 'A']",[],1,"['A', 'A', 'A', 'A', 'A', 'A', 'A', 'A', 'A', 'A', 'A', 'A', 'A', 'A', 'A', 'A']",[],1,0.0,0,,"['ASPS', 'ACPC', 'ACPS', 'ASPC']"
03a6nlzv,1,z680bwcy,6687bb749dd2d0b9f4b520f3,World Wide Fund for Nature - UK (WWF),30.0,30.0,"['A', 'A', 'A', 'A', 'A', 'A', 'A', 'A', 'A', 'A', 'A', 'A', 'A', 'A', 'A', 'A']",[],1,"['A', 'A', 'A', 'A', 'A', 'A', 'A', 'A', 'A', 'A', 'A', 'A', 'A', 'A', 'A', 'A']",[],1,0.0,0,,"['ACPC', 'ASPC', 'ACPS', 'ASPS']"
holwsq2p,127,z680bwcy,669036b0e956810e2ac83ad4,The Nature Conservancy (NC),20.0,22.0,"['A', 'A', 'A', 'A', 'A', 'A', 'A', 'A', 'A', 'A', 'B', 'B', 'B', 'B', 'B', 'B']",[11],0,"['A', 'A', 'A', 'A', 'A', 'A', 'A', 'A', 'A', 'A', 'A', 'B', 'B', 'B', 'B', 'B']",[12],0,0.0,1,,"['ASPS', 'ACPC', 'ACPS', 'ASPC']"
wcni0dzf,266,z680bwcy,6117bdb3ee7e7ca452e3199d,Surfers Against Sewage (SAS),20.0,2.0,"['A', 'A', 'A', 'A', 'A', 'A', 'A', 'A', 'A', 'A', 'B', 'B', 'B', 'B', 'B', 'B']",[11],0,"['A', 'B', 'B', 'A', 'A', 'A', 'A', 'A', 'A', 'A', 'A', 'A', 'A', 'A', 'A', 'B']","[2, 4, 16]",MSP,0.0,0,,"['ASPC', 'ACPC', 'ASPS', 'ACPS']"
2eaac614,16,z680bwcy,665dd468241230e564877608,The Nature Conservancy (NC),12.0,12.0,"['A', 'A', 'A', 'A', 'A', 'A', 'B', 'A', 'A', 'A', 'A', 'A', 'A', 'A', 'A', 'A']","[7, 8]",MSP,"['A', 'A', 'A', 'A', 'A', 'A', 'B', 'A', 'A', 'A', 'A', 'A', 'A', 'A', 'A', 'A']","[7, 8]",MSP,0.0,0,9.0,"['ASPS', 'ACPC', 'ACPS', 'ASPC']"
pzfnazgc,194,viz6yyz3,6658ea6af0f0787f8c8138a4,World Wide Fund for Nature - UK (WWF),16.0,12.0,"['A', 'A', 'A', 'A', 'A', 'A', 'A', 'A', 'B', 'B', 'B', 'B', 'B', 'B', 'B', 'B']",[9],0,"['A', 'A', 'A', 'A', 'A', 'A', 'B', 'B', 'B', 'B', 'B', 'B', 'B', 'B', 'B', 'B']",[7],0,0.0,0,,"['ASPC', 'ACPC', 'ASPS', 'ACPS']"
ytel6jer,288,viz6yyz3,62df57db36c1085c48f8d86c,Sea Shepherd (SS),30.0,30.0,"['A', 'A', 'A', 'A', 'A', 'A', 'A', 'A', 'A', 'A', 'A', 'A', 'A', 'A', 'A', 'A']",[],1,"['A', 'A', 'A', 'A', 'A', 'A', 'A', 'A', 'A', 'A', 'A', 'A', 'A', 'A', 'A', 'B']",[16],0,0.0,0,2.0,"['ACPC', 'ACPS', 'ASPS', 'ASPC']"
kfviw9wq,149,viz6yyz3,666aef179e437c36fe074241,The Nature Conservancy (NC),2.0,16.0,"['A', 'B', 'B', 'A', 'B', 'A', 'A', 'B', 'A', 'B', 'A', 'A', 'B', 'A', 'B', 'B']","[2, 4, 5, 6, 8, 9, 10, 11, 13, 14, 15]",MSP,"['B', 'B', 'B', 'B', 'B', 'B', 'B', 'B', 'A', 'A', 'A', 'A', 'A', 'A', 'A', 'A']",[9],0,0.0,1,1.0,"['ACPC', 'ACPS', 'ASPS', 'ASPC']"
3177took,21,viz6yyz3,616f012ecf26b8c269c43152,World Wide Fund for Nature - UK (WWF),12.0,6.0,"['A', 'A', 'A', 'A', 'A', 'A', 'B', 'B', 'B', 'B', 'B', 'B', 'B', 'B', 'B', 'B']",[7],0,"['A', 'A', 'A', 'B', 'B', 'B', 'B', 'B', 'B', 'B', 'B', 'B', 'B', 'B', 'B', 'B']",[4],0,0.0,0,,"['ACPC', 'ASPS', 'ACPS', 'ASPC']"
